client_id,num_cards,num_classic_cards,num_junior_cards,num_gold_cards,gold_card,classic_card,junior_card,earliest_card_issue,latest_card_issue,card_id,eligible_for
2,0,0,0,0,0,0,0,,,,junior_card
3,0,0,0,0,0,0,0,,,,junior_card
7,0,0,0,0,0,0,0,,,,junior_card
8,0,0,0,0,0,0,0,,,,junior_card
14,0,0,0,0,0,0,0,,,,junior_card
15,0,0,0,0,0,0,0,,,,junior_card
16,0,0,0,0,0,0,0,,,,junior_card
18,0,0,0,0,0,0,0,,,,junior_card
24,0,0,0,0,0,0,0,,,,junior_card
25,0,0,0,0,0,0,0,,,,junior_card
28,0,0,0,0,0,0,0,,,,junior_card
33,0,0,0,0,0,0,0,,,,junior_card
43,0,0,0,0,0,0,0,,,,junior_card
46,0,0,0,0,0,0,0,,,,junior_card
47,0,0,0,0,0,0,0,,,,junior_card
48,0,0,0,0,0,0,0,,,,junior_card
52,0,0,0,0,0,0,0,,,,junior_card
55,0,0,0,0,0,0,0,,,,junior_card
58,0,0,0,0,0,0,0,,,,junior_card
61,0,0,0,0,0,0,0,,,,junior_card
62,0,0,0,0,0,0,0,,,,junior_card
64,0,0,0,0,0,0,0,,,,junior_card
65,0,0,0,0,0,0,0,,,,junior_card
67,0,0,0,0,0,0,0,,,,junior_card
70,0,0,0,0,0,0,0,,,,junior_card
72,0,0,0,0,0,0,0,,,,junior_card
73,0,0,0,0,0,0,0,,,,junior_card
74,0,0,0,0,0,0,0,,,,junior_card
78,0,0,0,0,0,0,0,,,,junior_card
91,0,0,0,0,0,0,0,,,,junior_card
93,0,0,0,0,0,0,0,,,,junior_card
94,0,0,0,0,0,0,0,,,,junior_card
100,0,0,0,0,0,0,0,,,,junior_card
101,0,0,0,0,0,0,0,,,,junior_card
113,0,0,0,0,0,0,0,,,,junior_card
117,0,0,0,0,0,0,0,,,,junior_card
118,0,0,0,0,0,0,0,,,,junior_card
119,0,0,0,0,0,0,0,,,,junior_card
126,0,0,0,0,0,0,0,,,,junior_card
129,0,0,0,0,0,0,0,,,,junior_card
134,0,0,0,0,0,0,0,,,,junior_card
136,0,0,0,0,0,0,0,,,,junior_card
141,0,0,0,0,0,0,0,,,,junior_card
142,0,0,0,0,0,0,0,,,,junior_card
148,0,0,0,0,0,0,0,,,,junior_card
149,0,0,0,0,0,0,0,,,,junior_card
152,0,0,0,0,0,0,0,,,,junior_card
154,0,0,0,0,0,0,0,,,,junior_card
155,0,0,0,0,0,0,0,,,,junior_card
157,0,0,0,0,0,0,0,,,,junior_card
159,0,0,0,0,0,0,0,,,,junior_card
160,0,0,0,0,0,0,0,,,,junior_card
162,0,0,0,0,0,0,0,,,,junior_card
163,0,0,0,0,0,0,0,,,,junior_card
172,0,0,0,0,0,0,0,,,,junior_card
173,0,0,0,0,0,0,0,,,,junior_card
176,0,0,0,0,0,0,0,,,,junior_card
187,0,0,0,0,0,0,0,,,,junior_card
189,0,0,0,0,0,0,0,,,,junior_card
190,0,0,0,0,0,0,0,,,,junior_card
194,0,0,0,0,0,0,0,,,,junior_card
195,0,0,0,0,0,0,0,,,,junior_card
196,0,0,0,0,0,0,0,,,,junior_card
197,0,0,0,0,0,0,0,,,,junior_card
199,0,0,0,0,0,0,0,,,,junior_card
205,0,0,0,0,0,0,0,,,,junior_card
207,0,0,0,0,0,0,0,,,,junior_card
209,0,0,0,0,0,0,0,,,,junior_card
210,0,0,0,0,0,0,0,,,,junior_card
226,0,0,0,0,0,0,0,,,,junior_card
227,0,0,0,0,0,0,0,,,,junior_card
232,0,0,0,0,0,0,0,,,,junior_card
235,0,0,0,0,0,0,0,,,,junior_card
240,0,0,0,0,0,0,0,,,,junior_card
253,0,0,0,0,0,0,0,,,,junior_card
261,0,0,0,0,0,0,0,,,,junior_card
262,0,0,0,0,0,0,0,,,,junior_card
270,0,0,0,0,0,0,0,,,,junior_card
275,0,0,0,0,0,0,0,,,,junior_card
282,0,0,0,0,0,0,0,,,,junior_card
283,0,0,0,0,0,0,0,,,,junior_card
293,0,0,0,0,0,0,0,,,,junior_card
298,0,0,0,0,0,0,0,,,,junior_card
301,0,0,0,0,0,0,0,,,,junior_card
303,0,0,0,0,0,0,0,,,,junior_card
304,0,0,0,0,0,0,0,,,,junior_card
311,0,0,0,0,0,0,0,,,,junior_card
312,0,0,0,0,0,0,0,,,,junior_card
313,0,0,0,0,0,0,0,,,,junior_card
314,0,0,0,0,0,0,0,,,,junior_card
318,0,0,0,0,0,0,0,,,,junior_card
319,0,0,0,0,0,0,0,,,,junior_card
320,0,0,0,0,0,0,0,,,,junior_card
323,0,0,0,0,0,0,0,,,,junior_card
328,0,0,0,0,0,0,0,,,,junior_card
330,0,0,0,0,0,0,0,,,,junior_card
331,0,0,0,0,0,0,0,,,,junior_card
343,0,0,0,0,0,0,0,,,,junior_card
349,0,0,0,0,0,0,0,,,,junior_card
350,0,0,0,0,0,0,0,,,,junior_card
352,0,0,0,0,0,0,0,,,,junior_card
354,0,0,0,0,0,0,0,,,,junior_card
360,0,0,0,0,0,0,0,,,,junior_card
363,0,0,0,0,0,0,0,,,,junior_card
364,0,0,0,0,0,0,0,,,,junior_card
366,0,0,0,0,0,0,0,,,,junior_card
369,0,0,0,0,0,0,0,,,,junior_card
371,0,0,0,0,0,0,0,,,,junior_card
372,0,0,0,0,0,0,0,,,,junior_card
373,0,0,0,0,0,0,0,,,,junior_card
383,0,0,0,0,0,0,0,,,,junior_card
384,0,0,0,0,0,0,0,,,,junior_card
387,0,0,0,0,0,0,0,,,,junior_card
391,0,0,0,0,0,0,0,,,,junior_card
394,0,0,0,0,0,0,0,,,,junior_card
395,0,0,0,0,0,0,0,,,,junior_card
396,0,0,0,0,0,0,0,,,,junior_card
397,0,0,0,0,0,0,0,,,,junior_card
398,0,0,0,0,0,0,0,,,,junior_card
401,0,0,0,0,0,0,0,,,,junior_card
411,0,0,0,0,0,0,0,,,,junior_card
415,0,0,0,0,0,0,0,,,,junior_card
417,0,0,0,0,0,0,0,,,,junior_card
422,0,0,0,0,0,0,0,,,,junior_card
424,0,0,0,0,0,0,0,,,,junior_card
426,0,0,0,0,0,0,0,,,,junior_card
427,0,0,0,0,0,0,0,,,,junior_card
428,0,0,0,0,0,0,0,,,,junior_card
430,0,0,0,0,0,0,0,,,,junior_card
431,0,0,0,0,0,0,0,,,,junior_card
437,0,0,0,0,0,0,0,,,,junior_card
445,0,0,0,0,0,0,0,,,,junior_card
454,0,0,0,0,0,0,0,,,,junior_card
455,0,0,0,0,0,0,0,,,,junior_card
456,0,0,0,0,0,0,0,,,,junior_card
463,0,0,0,0,0,0,0,,,,junior_card
476,0,0,0,0,0,0,0,,,,junior_card
480,0,0,0,0,0,0,0,,,,junior_card
481,0,0,0,0,0,0,0,,,,junior_card
482,0,0,0,0,0,0,0,,,,junior_card
486,0,0,0,0,0,0,0,,,,junior_card
488,0,0,0,0,0,0,0,,,,junior_card
492,0,0,0,0,0,0,0,,,,junior_card
495,0,0,0,0,0,0,0,,,,junior_card
499,0,0,0,0,0,0,0,,,,junior_card
501,0,0,0,0,0,0,0,,,,junior_card
502,0,0,0,0,0,0,0,,,,junior_card
506,0,0,0,0,0,0,0,,,,junior_card
515,0,0,0,0,0,0,0,,,,junior_card
520,0,0,0,0,0,0,0,,,,junior_card
533,0,0,0,0,0,0,0,,,,junior_card
535,0,0,0,0,0,0,0,,,,junior_card
538,0,0,0,0,0,0,0,,,,junior_card
540,0,0,0,0,0,0,0,,,,junior_card
541,0,0,0,0,0,0,0,,,,junior_card
542,0,0,0,0,0,0,0,,,,junior_card
544,0,0,0,0,0,0,0,,,,junior_card
547,0,0,0,0,0,0,0,,,,junior_card
552,0,0,0,0,0,0,0,,,,junior_card
553,0,0,0,0,0,0,0,,,,junior_card
554,0,0,0,0,0,0,0,,,,junior_card
555,0,0,0,0,0,0,0,,,,junior_card
556,0,0,0,0,0,0,0,,,,junior_card
557,0,0,0,0,0,0,0,,,,junior_card
558,0,0,0,0,0,0,0,,,,junior_card
570,0,0,0,0,0,0,0,,,,junior_card
571,0,0,0,0,0,0,0,,,,junior_card
572,0,0,0,0,0,0,0,,,,junior_card
579,0,0,0,0,0,0,0,,,,junior_card
581,0,0,0,0,0,0,0,,,,junior_card
585,0,0,0,0,0,0,0,,,,junior_card
587,0,0,0,0,0,0,0,,,,junior_card
596,0,0,0,0,0,0,0,,,,junior_card
606,0,0,0,0,0,0,0,,,,junior_card
614,0,0,0,0,0,0,0,,,,junior_card
618,0,0,0,0,0,0,0,,,,junior_card
619,0,0,0,0,0,0,0,,,,junior_card
620,0,0,0,0,0,0,0,,,,junior_card
621,0,0,0,0,0,0,0,,,,junior_card
622,0,0,0,0,0,0,0,,,,junior_card
623,0,0,0,0,0,0,0,,,,junior_card
624,0,0,0,0,0,0,0,,,,junior_card
632,0,0,0,0,0,0,0,,,,junior_card
633,0,0,0,0,0,0,0,,,,junior_card
635,0,0,0,0,0,0,0,,,,junior_card
636,0,0,0,0,0,0,0,,,,junior_card
643,0,0,0,0,0,0,0,,,,junior_card
645,0,0,0,0,0,0,0,,,,junior_card
648,0,0,0,0,0,0,0,,,,junior_card
653,0,0,0,0,0,0,0,,,,junior_card
654,0,0,0,0,0,0,0,,,,junior_card
657,0,0,0,0,0,0,0,,,,junior_card
658,0,0,0,0,0,0,0,,,,junior_card
660,0,0,0,0,0,0,0,,,,junior_card
661,0,0,0,0,0,0,0,,,,junior_card
663,0,0,0,0,0,0,0,,,,junior_card
665,0,0,0,0,0,0,0,,,,junior_card
668,0,0,0,0,0,0,0,,,,junior_card
672,0,0,0,0,0,0,0,,,,junior_card
673,0,0,0,0,0,0,0,,,,junior_card
674,0,0,0,0,0,0,0,,,,junior_card
680,0,0,0,0,0,0,0,,,,junior_card
683,0,0,0,0,0,0,0,,,,junior_card
685,0,0,0,0,0,0,0,,,,junior_card
690,0,0,0,0,0,0,0,,,,junior_card
692,0,0,0,0,0,0,0,,,,junior_card
693,0,0,0,0,0,0,0,,,,junior_card
700,0,0,0,0,0,0,0,,,,junior_card
705,0,0,0,0,0,0,0,,,,junior_card
709,0,0,0,0,0,0,0,,,,junior_card
710,0,0,0,0,0,0,0,,,,junior_card
721,0,0,0,0,0,0,0,,,,junior_card
726,0,0,0,0,0,0,0,,,,junior_card
727,0,0,0,0,0,0,0,,,,junior_card
728,0,0,0,0,0,0,0,,,,junior_card
738,0,0,0,0,0,0,0,,,,junior_card
739,0,0,0,0,0,0,0,,,,junior_card
740,0,0,0,0,0,0,0,,,,junior_card
741,0,0,0,0,0,0,0,,,,junior_card
743,0,0,0,0,0,0,0,,,,junior_card
744,0,0,0,0,0,0,0,,,,junior_card
748,0,0,0,0,0,0,0,,,,junior_card
752,0,0,0,0,0,0,0,,,,junior_card
753,0,0,0,0,0,0,0,,,,junior_card
754,0,0,0,0,0,0,0,,,,junior_card
755,0,0,0,0,0,0,0,,,,junior_card
756,0,0,0,0,0,0,0,,,,junior_card
760,0,0,0,0,0,0,0,,,,junior_card
763,0,0,0,0,0,0,0,,,,junior_card
767,0,0,0,0,0,0,0,,,,junior_card
768,0,0,0,0,0,0,0,,,,junior_card
772,0,0,0,0,0,0,0,,,,junior_card
773,0,0,0,0,0,0,0,,,,junior_card
775,0,0,0,0,0,0,0,,,,junior_card
779,0,0,0,0,0,0,0,,,,junior_card
780,0,0,0,0,0,0,0,,,,junior_card
781,0,0,0,0,0,0,0,,,,junior_card
785,0,0,0,0,0,0,0,,,,junior_card
787,0,0,0,0,0,0,0,,,,junior_card
796,0,0,0,0,0,0,0,,,,junior_card
799,0,0,0,0,0,0,0,,,,junior_card
809,0,0,0,0,0,0,0,,,,junior_card
821,0,0,0,0,0,0,0,,,,junior_card
830,0,0,0,0,0,0,0,,,,junior_card
831,0,0,0,0,0,0,0,,,,junior_card
832,0,0,0,0,0,0,0,,,,junior_card
835,0,0,0,0,0,0,0,,,,junior_card
836,0,0,0,0,0,0,0,,,,junior_card
842,0,0,0,0,0,0,0,,,,junior_card
844,0,0,0,0,0,0,0,,,,junior_card
846,0,0,0,0,0,0,0,,,,junior_card
849,0,0,0,0,0,0,0,,,,junior_card
851,0,0,0,0,0,0,0,,,,junior_card
852,0,0,0,0,0,0,0,,,,junior_card
853,0,0,0,0,0,0,0,,,,junior_card
854,0,0,0,0,0,0,0,,,,junior_card
855,0,0,0,0,0,0,0,,,,junior_card
856,0,0,0,0,0,0,0,,,,junior_card
857,0,0,0,0,0,0,0,,,,junior_card
865,0,0,0,0,0,0,0,,,,junior_card
873,0,0,0,0,0,0,0,,,,junior_card
878,0,0,0,0,0,0,0,,,,junior_card
879,0,0,0,0,0,0,0,,,,junior_card
882,0,0,0,0,0,0,0,,,,junior_card
883,0,0,0,0,0,0,0,,,,junior_card
884,0,0,0,0,0,0,0,,,,junior_card
885,0,0,0,0,0,0,0,,,,junior_card
890,0,0,0,0,0,0,0,,,,junior_card
891,0,0,0,0,0,0,0,,,,junior_card
892,0,0,0,0,0,0,0,,,,junior_card
893,0,0,0,0,0,0,0,,,,junior_card
894,0,0,0,0,0,0,0,,,,junior_card
899,0,0,0,0,0,0,0,,,,junior_card
903,0,0,0,0,0,0,0,,,,junior_card
904,0,0,0,0,0,0,0,,,,junior_card
905,0,0,0,0,0,0,0,,,,junior_card
911,0,0,0,0,0,0,0,,,,junior_card
912,0,0,0,0,0,0,0,,,,junior_card
913,0,0,0,0,0,0,0,,,,junior_card
914,0,0,0,0,0,0,0,,,,junior_card
929,0,0,0,0,0,0,0,,,,junior_card
932,0,0,0,0,0,0,0,,,,junior_card
935,0,0,0,0,0,0,0,,,,junior_card
936,0,0,0,0,0,0,0,,,,junior_card
937,0,0,0,0,0,0,0,,,,junior_card
938,0,0,0,0,0,0,0,,,,junior_card
941,0,0,0,0,0,0,0,,,,junior_card
942,0,0,0,0,0,0,0,,,,junior_card
948,0,0,0,0,0,0,0,,,,junior_card
953,0,0,0,0,0,0,0,,,,junior_card
957,0,0,0,0,0,0,0,,,,junior_card
958,0,0,0,0,0,0,0,,,,junior_card
961,0,0,0,0,0,0,0,,,,junior_card
971,0,0,0,0,0,0,0,,,,junior_card
972,0,0,0,0,0,0,0,,,,junior_card
977,0,0,0,0,0,0,0,,,,junior_card
985,0,0,0,0,0,0,0,,,,junior_card
988,0,0,0,0,0,0,0,,,,junior_card
989,0,0,0,0,0,0,0,,,,junior_card
991,0,0,0,0,0,0,0,,,,junior_card
1001,0,0,0,0,0,0,0,,,,junior_card
1002,0,0,0,0,0,0,0,,,,junior_card
1003,0,0,0,0,0,0,0,,,,junior_card
1006,0,0,0,0,0,0,0,,,,junior_card
1014,0,0,0,0,0,0,0,,,,junior_card
1015,0,0,0,0,0,0,0,,,,junior_card
1016,0,0,0,0,0,0,0,,,,junior_card
1017,0,0,0,0,0,0,0,,,,junior_card
1022,0,0,0,0,0,0,0,,,,junior_card
1023,0,0,0,0,0,0,0,,,,junior_card
1028,0,0,0,0,0,0,0,,,,junior_card
1032,0,0,0,0,0,0,0,,,,junior_card
1033,0,0,0,0,0,0,0,,,,junior_card
1054,0,0,0,0,0,0,0,,,,junior_card
1055,0,0,0,0,0,0,0,,,,junior_card
1068,0,0,0,0,0,0,0,,,,junior_card
1069,0,0,0,0,0,0,0,,,,junior_card
1073,0,0,0,0,0,0,0,,,,junior_card
1074,0,0,0,0,0,0,0,,,,junior_card
1075,0,0,0,0,0,0,0,,,,junior_card
1077,0,0,0,0,0,0,0,,,,junior_card
1084,0,0,0,0,0,0,0,,,,junior_card
1085,0,0,0,0,0,0,0,,,,junior_card
1090,0,0,0,0,0,0,0,,,,junior_card
1091,0,0,0,0,0,0,0,,,,junior_card
1096,0,0,0,0,0,0,0,,,,junior_card
1097,0,0,0,0,0,0,0,,,,junior_card
1101,0,0,0,0,0,0,0,,,,junior_card
1102,0,0,0,0,0,0,0,,,,junior_card
1105,0,0,0,0,0,0,0,,,,junior_card
1106,0,0,0,0,0,0,0,,,,junior_card
1109,0,0,0,0,0,0,0,,,,junior_card
1110,0,0,0,0,0,0,0,,,,junior_card
1112,0,0,0,0,0,0,0,,,,junior_card
1122,0,0,0,0,0,0,0,,,,junior_card
1123,0,0,0,0,0,0,0,,,,junior_card
1125,0,0,0,0,0,0,0,,,,junior_card
1126,0,0,0,0,0,0,0,,,,junior_card
1128,0,0,0,0,0,0,0,,,,junior_card
1129,0,0,0,0,0,0,0,,,,junior_card
1130,0,0,0,0,0,0,0,,,,junior_card
1141,0,0,0,0,0,0,0,,,,junior_card
1142,0,0,0,0,0,0,0,,,,junior_card
1143,0,0,0,0,0,0,0,,,,junior_card
1147,0,0,0,0,0,0,0,,,,junior_card
1148,0,0,0,0,0,0,0,,,,junior_card
1150,0,0,0,0,0,0,0,,,,junior_card
1154,0,0,0,0,0,0,0,,,,junior_card
1155,0,0,0,0,0,0,0,,,,junior_card
1156,0,0,0,0,0,0,0,,,,junior_card
1159,0,0,0,0,0,0,0,,,,junior_card
1160,0,0,0,0,0,0,0,,,,junior_card
1172,0,0,0,0,0,0,0,,,,junior_card
1173,0,0,0,0,0,0,0,,,,junior_card
1175,0,0,0,0,0,0,0,,,,junior_card
1176,0,0,0,0,0,0,0,,,,junior_card
1177,0,0,0,0,0,0,0,,,,junior_card
1180,0,0,0,0,0,0,0,,,,junior_card
1181,0,0,0,0,0,0,0,,,,junior_card
1183,0,0,0,0,0,0,0,,,,junior_card
1186,0,0,0,0,0,0,0,,,,junior_card
1189,0,0,0,0,0,0,0,,,,junior_card
1192,0,0,0,0,0,0,0,,,,junior_card
1193,0,0,0,0,0,0,0,,,,junior_card
1195,0,0,0,0,0,0,0,,,,junior_card
1196,0,0,0,0,0,0,0,,,,junior_card
1200,0,0,0,0,0,0,0,,,,junior_card
1201,0,0,0,0,0,0,0,,,,junior_card
1212,0,0,0,0,0,0,0,,,,junior_card
1217,0,0,0,0,0,0,0,,,,junior_card
1219,0,0,0,0,0,0,0,,,,junior_card
1222,0,0,0,0,0,0,0,,,,junior_card
1224,0,0,0,0,0,0,0,,,,junior_card
1225,0,0,0,0,0,0,0,,,,junior_card
1233,0,0,0,0,0,0,0,,,,junior_card
1237,0,0,0,0,0,0,0,,,,junior_card
1238,0,0,0,0,0,0,0,,,,junior_card
1241,0,0,0,0,0,0,0,,,,junior_card
1254,0,0,0,0,0,0,0,,,,junior_card
1257,0,0,0,0,0,0,0,,,,junior_card
1258,0,0,0,0,0,0,0,,,,junior_card
1260,0,0,0,0,0,0,0,,,,junior_card
1268,0,0,0,0,0,0,0,,,,junior_card
1269,0,0,0,0,0,0,0,,,,junior_card
1270,0,0,0,0,0,0,0,,,,junior_card
1272,0,0,0,0,0,0,0,,,,junior_card
1277,0,0,0,0,0,0,0,,,,junior_card
1281,0,0,0,0,0,0,0,,,,junior_card
1282,0,0,0,0,0,0,0,,,,junior_card
1283,0,0,0,0,0,0,0,,,,junior_card
1284,0,0,0,0,0,0,0,,,,junior_card
1285,0,0,0,0,0,0,0,,,,junior_card
1287,0,0,0,0,0,0,0,,,,junior_card
1293,0,0,0,0,0,0,0,,,,junior_card
1294,0,0,0,0,0,0,0,,,,junior_card
1295,0,0,0,0,0,0,0,,,,junior_card
1297,0,0,0,0,0,0,0,,,,junior_card
1298,0,0,0,0,0,0,0,,,,junior_card
1299,0,0,0,0,0,0,0,,,,junior_card
1303,0,0,0,0,0,0,0,,,,junior_card
1304,0,0,0,0,0,0,0,,,,junior_card
1305,0,0,0,0,0,0,0,,,,junior_card
1306,0,0,0,0,0,0,0,,,,junior_card
1312,0,0,0,0,0,0,0,,,,junior_card
1315,0,0,0,0,0,0,0,,,,junior_card
1317,0,0,0,0,0,0,0,,,,junior_card
1318,0,0,0,0,0,0,0,,,,junior_card
1323,0,0,0,0,0,0,0,,,,junior_card
1325,0,0,0,0,0,0,0,,,,junior_card
1328,0,0,0,0,0,0,0,,,,junior_card
1340,0,0,0,0,0,0,0,,,,junior_card
1344,0,0,0,0,0,0,0,,,,junior_card
1354,0,0,0,0,0,0,0,,,,junior_card
1356,0,0,0,0,0,0,0,,,,junior_card
1361,0,0,0,0,0,0,0,,,,junior_card
1362,0,0,0,0,0,0,0,,,,junior_card
1364,0,0,0,0,0,0,0,,,,junior_card
1371,0,0,0,0,0,0,0,,,,junior_card
1379,0,0,0,0,0,0,0,,,,junior_card
1389,0,0,0,0,0,0,0,,,,junior_card
1392,0,0,0,0,0,0,0,,,,junior_card
1393,0,0,0,0,0,0,0,,,,junior_card
1394,0,0,0,0,0,0,0,,,,junior_card
1397,0,0,0,0,0,0,0,,,,junior_card
1402,0,0,0,0,0,0,0,,,,junior_card
1407,0,0,0,0,0,0,0,,,,junior_card
1410,0,0,0,0,0,0,0,,,,junior_card
1411,0,0,0,0,0,0,0,,,,junior_card
1416,0,0,0,0,0,0,0,,,,junior_card
1419,0,0,0,0,0,0,0,,,,junior_card
1420,0,0,0,0,0,0,0,,,,junior_card
1428,0,0,0,0,0,0,0,,,,junior_card
1431,0,0,0,0,0,0,0,,,,junior_card
1442,0,0,0,0,0,0,0,,,,junior_card
1444,0,0,0,0,0,0,0,,,,junior_card
1449,0,0,0,0,0,0,0,,,,junior_card
1454,0,0,0,0,0,0,0,,,,junior_card
1455,0,0,0,0,0,0,0,,,,junior_card
1456,0,0,0,0,0,0,0,,,,junior_card
1457,0,0,0,0,0,0,0,,,,junior_card
1458,0,0,0,0,0,0,0,,,,junior_card
1460,0,0,0,0,0,0,0,,,,junior_card
1462,0,0,0,0,0,0,0,,,,junior_card
1464,0,0,0,0,0,0,0,,,,junior_card
1465,0,0,0,0,0,0,0,,,,junior_card
1468,0,0,0,0,0,0,0,,,,junior_card
1470,0,0,0,0,0,0,0,,,,junior_card
1471,0,0,0,0,0,0,0,,,,junior_card
1481,0,0,0,0,0,0,0,,,,junior_card
1490,0,0,0,0,0,0,0,,,,junior_card
1493,0,0,0,0,0,0,0,,,,junior_card
1494,0,0,0,0,0,0,0,,,,junior_card
1495,0,0,0,0,0,0,0,,,,junior_card
1496,0,0,0,0,0,0,0,,,,junior_card
1497,0,0,0,0,0,0,0,,,,junior_card
1498,0,0,0,0,0,0,0,,,,junior_card
1501,0,0,0,0,0,0,0,,,,junior_card
1503,0,0,0,0,0,0,0,,,,junior_card
1504,0,0,0,0,0,0,0,,,,junior_card
1506,0,0,0,0,0,0,0,,,,junior_card
1507,0,0,0,0,0,0,0,,,,junior_card
1509,0,0,0,0,0,0,0,,,,junior_card
1510,0,0,0,0,0,0,0,,,,junior_card
1516,0,0,0,0,0,0,0,,,,junior_card
1523,0,0,0,0,0,0,0,,,,junior_card
1527,0,0,0,0,0,0,0,,,,junior_card
1530,0,0,0,0,0,0,0,,,,junior_card
1535,0,0,0,0,0,0,0,,,,junior_card
1539,0,0,0,0,0,0,0,,,,junior_card
1540,0,0,0,0,0,0,0,,,,junior_card
1541,0,0,0,0,0,0,0,,,,junior_card
1543,0,0,0,0,0,0,0,,,,junior_card
1546,0,0,0,0,0,0,0,,,,junior_card
1547,0,0,0,0,0,0,0,,,,junior_card
1548,0,0,0,0,0,0,0,,,,junior_card
1549,0,0,0,0,0,0,0,,,,junior_card
1550,0,0,0,0,0,0,0,,,,junior_card
1554,0,0,0,0,0,0,0,,,,junior_card
1558,0,0,0,0,0,0,0,,,,junior_card
1559,0,0,0,0,0,0,0,,,,junior_card
1561,0,0,0,0,0,0,0,,,,junior_card
1562,0,0,0,0,0,0,0,,,,junior_card
1564,0,0,0,0,0,0,0,,,,junior_card
1567,0,0,0,0,0,0,0,,,,junior_card
1568,0,0,0,0,0,0,0,,,,junior_card
1575,0,0,0,0,0,0,0,,,,junior_card
1576,0,0,0,0,0,0,0,,,,junior_card
1577,0,0,0,0,0,0,0,,,,junior_card
1585,0,0,0,0,0,0,0,,,,junior_card
1586,0,0,0,0,0,0,0,,,,junior_card
1587,0,0,0,0,0,0,0,,,,junior_card
1590,0,0,0,0,0,0,0,,,,junior_card
1592,0,0,0,0,0,0,0,,,,junior_card
1593,0,0,0,0,0,0,0,,,,junior_card
1594,0,0,0,0,0,0,0,,,,junior_card
1598,0,0,0,0,0,0,0,,,,junior_card
1608,0,0,0,0,0,0,0,,,,junior_card
1609,0,0,0,0,0,0,0,,,,junior_card
1614,0,0,0,0,0,0,0,,,,junior_card
1619,0,0,0,0,0,0,0,,,,junior_card
1632,0,0,0,0,0,0,0,,,,junior_card
1635,0,0,0,0,0,0,0,,,,junior_card
1636,0,0,0,0,0,0,0,,,,junior_card
1637,0,0,0,0,0,0,0,,,,junior_card
1641,0,0,0,0,0,0,0,,,,junior_card
1653,0,0,0,0,0,0,0,,,,junior_card
1657,0,0,0,0,0,0,0,,,,junior_card
1658,0,0,0,0,0,0,0,,,,junior_card
1659,0,0,0,0,0,0,0,,,,junior_card
1664,0,0,0,0,0,0,0,,,,junior_card
1665,0,0,0,0,0,0,0,,,,junior_card
1667,0,0,0,0,0,0,0,,,,junior_card
1671,0,0,0,0,0,0,0,,,,junior_card
1672,0,0,0,0,0,0,0,,,,junior_card
1674,0,0,0,0,0,0,0,,,,junior_card
1675,0,0,0,0,0,0,0,,,,junior_card
1679,0,0,0,0,0,0,0,,,,junior_card
1681,0,0,0,0,0,0,0,,,,junior_card
1684,0,0,0,0,0,0,0,,,,junior_card
1685,0,0,0,0,0,0,0,,,,junior_card
1686,0,0,0,0,0,0,0,,,,junior_card
1687,0,0,0,0,0,0,0,,,,junior_card
1688,0,0,0,0,0,0,0,,,,junior_card
1689,0,0,0,0,0,0,0,,,,junior_card
1696,0,0,0,0,0,0,0,,,,junior_card
1700,0,0,0,0,0,0,0,,,,junior_card
1701,0,0,0,0,0,0,0,,,,junior_card
1703,0,0,0,0,0,0,0,,,,junior_card
1704,0,0,0,0,0,0,0,,,,junior_card
1705,0,0,0,0,0,0,0,,,,junior_card
1706,0,0,0,0,0,0,0,,,,junior_card
1710,0,0,0,0,0,0,0,,,,junior_card
1713,0,0,0,0,0,0,0,,,,junior_card
1714,0,0,0,0,0,0,0,,,,junior_card
1720,0,0,0,0,0,0,0,,,,junior_card
1721,0,0,0,0,0,0,0,,,,junior_card
1724,0,0,0,0,0,0,0,,,,junior_card
1729,0,0,0,0,0,0,0,,,,junior_card
1741,0,0,0,0,0,0,0,,,,junior_card
1749,0,0,0,0,0,0,0,,,,junior_card
1756,0,0,0,0,0,0,0,,,,junior_card
1757,0,0,0,0,0,0,0,,,,junior_card
1760,0,0,0,0,0,0,0,,,,junior_card
1761,0,0,0,0,0,0,0,,,,junior_card
1769,0,0,0,0,0,0,0,,,,junior_card
1771,0,0,0,0,0,0,0,,,,junior_card
1775,0,0,0,0,0,0,0,,,,junior_card
1786,0,0,0,0,0,0,0,,,,junior_card
1787,0,0,0,0,0,0,0,,,,junior_card
1794,0,0,0,0,0,0,0,,,,junior_card
1797,0,0,0,0,0,0,0,,,,junior_card
1798,0,0,0,0,0,0,0,,,,junior_card
1803,0,0,0,0,0,0,0,,,,junior_card
1808,0,0,0,0,0,0,0,,,,junior_card
1809,0,0,0,0,0,0,0,,,,junior_card
1810,0,0,0,0,0,0,0,,,,junior_card
1813,0,0,0,0,0,0,0,,,,junior_card
1814,0,0,0,0,0,0,0,,,,junior_card
1821,0,0,0,0,0,0,0,,,,junior_card
1822,0,0,0,0,0,0,0,,,,junior_card
1829,0,0,0,0,0,0,0,,,,junior_card
1834,0,0,0,0,0,0,0,,,,junior_card
1835,0,0,0,0,0,0,0,,,,junior_card
1840,0,0,0,0,0,0,0,,,,junior_card
1843,0,0,0,0,0,0,0,,,,junior_card
1844,0,0,0,0,0,0,0,,,,junior_card
1845,0,0,0,0,0,0,0,,,,junior_card
1848,0,0,0,0,0,0,0,,,,junior_card
1849,0,0,0,0,0,0,0,,,,junior_card
1854,0,0,0,0,0,0,0,,,,junior_card
1866,0,0,0,0,0,0,0,,,,junior_card
1867,0,0,0,0,0,0,0,,,,junior_card
1870,0,0,0,0,0,0,0,,,,junior_card
1874,0,0,0,0,0,0,0,,,,junior_card
1879,0,0,0,0,0,0,0,,,,junior_card
1881,0,0,0,0,0,0,0,,,,junior_card
1882,0,0,0,0,0,0,0,,,,junior_card
1887,0,0,0,0,0,0,0,,,,junior_card
1888,0,0,0,0,0,0,0,,,,junior_card
1892,0,0,0,0,0,0,0,,,,junior_card
1893,0,0,0,0,0,0,0,,,,junior_card
1894,0,0,0,0,0,0,0,,,,junior_card
1904,0,0,0,0,0,0,0,,,,junior_card
1905,0,0,0,0,0,0,0,,,,junior_card
1906,0,0,0,0,0,0,0,,,,junior_card
1907,0,0,0,0,0,0,0,,,,junior_card
1908,0,0,0,0,0,0,0,,,,junior_card
1909,0,0,0,0,0,0,0,,,,junior_card
1910,0,0,0,0,0,0,0,,,,junior_card
1916,0,0,0,0,0,0,0,,,,junior_card
1919,0,0,0,0,0,0,0,,,,junior_card
1921,0,0,0,0,0,0,0,,,,junior_card
1922,0,0,0,0,0,0,0,,,,junior_card
1924,0,0,0,0,0,0,0,,,,junior_card
1925,0,0,0,0,0,0,0,,,,junior_card
1931,0,0,0,0,0,0,0,,,,junior_card
1932,0,0,0,0,0,0,0,,,,junior_card
1939,0,0,0,0,0,0,0,,,,junior_card
1940,0,0,0,0,0,0,0,,,,junior_card
1941,0,0,0,0,0,0,0,,,,junior_card
1942,0,0,0,0,0,0,0,,,,junior_card
1943,0,0,0,0,0,0,0,,,,junior_card
1948,0,0,0,0,0,0,0,,,,junior_card
1950,0,0,0,0,0,0,0,,,,junior_card
1956,0,0,0,0,0,0,0,,,,junior_card
1960,0,0,0,0,0,0,0,,,,junior_card
1961,0,0,0,0,0,0,0,,,,junior_card
1965,0,0,0,0,0,0,0,,,,junior_card
1966,0,0,0,0,0,0,0,,,,junior_card
1969,0,0,0,0,0,0,0,,,,junior_card
1970,0,0,0,0,0,0,0,,,,junior_card
1972,0,0,0,0,0,0,0,,,,junior_card
1973,0,0,0,0,0,0,0,,,,junior_card
1974,0,0,0,0,0,0,0,,,,junior_card
1975,0,0,0,0,0,0,0,,,,junior_card
1976,0,0,0,0,0,0,0,,,,junior_card
1977,0,0,0,0,0,0,0,,,,junior_card
1979,0,0,0,0,0,0,0,,,,junior_card
1984,0,0,0,0,0,0,0,,,,junior_card
1985,0,0,0,0,0,0,0,,,,junior_card
1986,0,0,0,0,0,0,0,,,,junior_card
1989,0,0,0,0,0,0,0,,,,junior_card
1990,0,0,0,0,0,0,0,,,,junior_card
1991,0,0,0,0,0,0,0,,,,junior_card
1995,0,0,0,0,0,0,0,,,,junior_card
1996,0,0,0,0,0,0,0,,,,junior_card
2002,0,0,0,0,0,0,0,,,,junior_card
2003,0,0,0,0,0,0,0,,,,junior_card
2009,0,0,0,0,0,0,0,,,,junior_card
2011,0,0,0,0,0,0,0,,,,junior_card
2016,0,0,0,0,0,0,0,,,,junior_card
2017,0,0,0,0,0,0,0,,,,junior_card
2018,0,0,0,0,0,0,0,,,,junior_card
2019,0,0,0,0,0,0,0,,,,junior_card
2021,0,0,0,0,0,0,0,,,,junior_card
2022,0,0,0,0,0,0,0,,,,junior_card
2023,0,0,0,0,0,0,0,,,,junior_card
2024,0,0,0,0,0,0,0,,,,junior_card
2025,0,0,0,0,0,0,0,,,,junior_card
2026,0,0,0,0,0,0,0,,,,junior_card
2027,0,0,0,0,0,0,0,,,,junior_card
2028,0,0,0,0,0,0,0,,,,junior_card
2029,0,0,0,0,0,0,0,,,,junior_card
2031,0,0,0,0,0,0,0,,,,junior_card
2032,0,0,0,0,0,0,0,,,,junior_card
2033,0,0,0,0,0,0,0,,,,junior_card
2034,0,0,0,0,0,0,0,,,,junior_card
2035,0,0,0,0,0,0,0,,,,junior_card
2037,0,0,0,0,0,0,0,,,,junior_card
2040,0,0,0,0,0,0,0,,,,junior_card
2047,0,0,0,0,0,0,0,,,,junior_card
2048,0,0,0,0,0,0,0,,,,junior_card
2049,0,0,0,0,0,0,0,,,,junior_card
2050,0,0,0,0,0,0,0,,,,junior_card
2051,0,0,0,0,0,0,0,,,,junior_card
2052,0,0,0,0,0,0,0,,,,junior_card
2053,0,0,0,0,0,0,0,,,,junior_card
2054,0,0,0,0,0,0,0,,,,junior_card
2064,0,0,0,0,0,0,0,,,,junior_card
2068,0,0,0,0,0,0,0,,,,junior_card
2069,0,0,0,0,0,0,0,,,,junior_card
2072,0,0,0,0,0,0,0,,,,junior_card
2075,0,0,0,0,0,0,0,,,,junior_card
2077,0,0,0,0,0,0,0,,,,junior_card
2079,0,0,0,0,0,0,0,,,,junior_card
2082,0,0,0,0,0,0,0,,,,junior_card
2085,0,0,0,0,0,0,0,,,,junior_card
2088,0,0,0,0,0,0,0,,,,junior_card
2092,0,0,0,0,0,0,0,,,,junior_card
2098,0,0,0,0,0,0,0,,,,junior_card
2100,0,0,0,0,0,0,0,,,,junior_card
2103,0,0,0,0,0,0,0,,,,junior_card
2105,0,0,0,0,0,0,0,,,,junior_card
2106,0,0,0,0,0,0,0,,,,junior_card
2107,0,0,0,0,0,0,0,,,,junior_card
2108,0,0,0,0,0,0,0,,,,junior_card
2112,0,0,0,0,0,0,0,,,,junior_card
2114,0,0,0,0,0,0,0,,,,junior_card
2116,0,0,0,0,0,0,0,,,,junior_card
2130,0,0,0,0,0,0,0,,,,junior_card
2135,0,0,0,0,0,0,0,,,,junior_card
2136,0,0,0,0,0,0,0,,,,junior_card
2139,0,0,0,0,0,0,0,,,,junior_card
2140,0,0,0,0,0,0,0,,,,junior_card
2142,0,0,0,0,0,0,0,,,,junior_card
2143,0,0,0,0,0,0,0,,,,junior_card
2149,0,0,0,0,0,0,0,,,,junior_card
2150,0,0,0,0,0,0,0,,,,junior_card
2151,0,0,0,0,0,0,0,,,,junior_card
2152,0,0,0,0,0,0,0,,,,junior_card
2153,0,0,0,0,0,0,0,,,,junior_card
2159,0,0,0,0,0,0,0,,,,junior_card
2160,0,0,0,0,0,0,0,,,,junior_card
2161,0,0,0,0,0,0,0,,,,junior_card
2162,0,0,0,0,0,0,0,,,,junior_card
2163,0,0,0,0,0,0,0,,,,junior_card
2170,0,0,0,0,0,0,0,,,,junior_card
2176,0,0,0,0,0,0,0,,,,junior_card
2183,0,0,0,0,0,0,0,,,,junior_card
2186,0,0,0,0,0,0,0,,,,junior_card
2188,0,0,0,0,0,0,0,,,,junior_card
2195,0,0,0,0,0,0,0,,,,junior_card
2201,0,0,0,0,0,0,0,,,,junior_card
2202,0,0,0,0,0,0,0,,,,junior_card
2204,0,0,0,0,0,0,0,,,,junior_card
2209,0,0,0,0,0,0,0,,,,junior_card
2210,0,0,0,0,0,0,0,,,,junior_card
2211,0,0,0,0,0,0,0,,,,junior_card
2215,0,0,0,0,0,0,0,,,,junior_card
2221,0,0,0,0,0,0,0,,,,junior_card
2223,0,0,0,0,0,0,0,,,,junior_card
2224,0,0,0,0,0,0,0,,,,junior_card
2228,0,0,0,0,0,0,0,,,,junior_card
2229,0,0,0,0,0,0,0,,,,junior_card
2241,0,0,0,0,0,0,0,,,,junior_card
2249,0,0,0,0,0,0,0,,,,junior_card
2250,0,0,0,0,0,0,0,,,,junior_card
2254,0,0,0,0,0,0,0,,,,junior_card
2255,0,0,0,0,0,0,0,,,,junior_card
2263,0,0,0,0,0,0,0,,,,junior_card
2266,0,0,0,0,0,0,0,,,,junior_card
2276,0,0,0,0,0,0,0,,,,junior_card
2278,0,0,0,0,0,0,0,,,,junior_card
2292,0,0,0,0,0,0,0,,,,junior_card
2295,0,0,0,0,0,0,0,,,,junior_card
2296,0,0,0,0,0,0,0,,,,junior_card
2303,0,0,0,0,0,0,0,,,,junior_card
2304,0,0,0,0,0,0,0,,,,junior_card
2306,0,0,0,0,0,0,0,,,,junior_card
2307,0,0,0,0,0,0,0,,,,junior_card
2310,0,0,0,0,0,0,0,,,,junior_card
2311,0,0,0,0,0,0,0,,,,junior_card
2322,0,0,0,0,0,0,0,,,,junior_card
2323,0,0,0,0,0,0,0,,,,junior_card
2326,0,0,0,0,0,0,0,,,,junior_card
2327,0,0,0,0,0,0,0,,,,junior_card
2333,0,0,0,0,0,0,0,,,,junior_card
2336,0,0,0,0,0,0,0,,,,junior_card
2337,0,0,0,0,0,0,0,,,,junior_card
2341,0,0,0,0,0,0,0,,,,junior_card
2342,0,0,0,0,0,0,0,,,,junior_card
2344,0,0,0,0,0,0,0,,,,junior_card
2345,0,0,0,0,0,0,0,,,,junior_card
2346,0,0,0,0,0,0,0,,,,junior_card
2347,0,0,0,0,0,0,0,,,,junior_card
2348,0,0,0,0,0,0,0,,,,junior_card
2353,0,0,0,0,0,0,0,,,,junior_card
2355,0,0,0,0,0,0,0,,,,junior_card
2356,0,0,0,0,0,0,0,,,,junior_card
2357,0,0,0,0,0,0,0,,,,junior_card
2358,0,0,0,0,0,0,0,,,,junior_card
2366,0,0,0,0,0,0,0,,,,junior_card
2367,0,0,0,0,0,0,0,,,,junior_card
2368,0,0,0,0,0,0,0,,,,junior_card
2369,0,0,0,0,0,0,0,,,,junior_card
2380,0,0,0,0,0,0,0,,,,junior_card
2381,0,0,0,0,0,0,0,,,,junior_card
2383,0,0,0,0,0,0,0,,,,junior_card
2384,0,0,0,0,0,0,0,,,,junior_card
2385,0,0,0,0,0,0,0,,,,junior_card
2386,0,0,0,0,0,0,0,,,,junior_card
2387,0,0,0,0,0,0,0,,,,junior_card
2389,0,0,0,0,0,0,0,,,,junior_card
2390,0,0,0,0,0,0,0,,,,junior_card
2391,0,0,0,0,0,0,0,,,,junior_card
2396,0,0,0,0,0,0,0,,,,junior_card
2397,0,0,0,0,0,0,0,,,,junior_card
2399,0,0,0,0,0,0,0,,,,junior_card
2402,0,0,0,0,0,0,0,,,,junior_card
2408,0,0,0,0,0,0,0,,,,junior_card
2417,0,0,0,0,0,0,0,,,,junior_card
2424,0,0,0,0,0,0,0,,,,junior_card
2426,0,0,0,0,0,0,0,,,,junior_card
2432,0,0,0,0,0,0,0,,,,junior_card
2435,0,0,0,0,0,0,0,,,,junior_card
2436,0,0,0,0,0,0,0,,,,junior_card
2437,0,0,0,0,0,0,0,,,,junior_card
2438,0,0,0,0,0,0,0,,,,junior_card
2439,0,0,0,0,0,0,0,,,,junior_card
2441,0,0,0,0,0,0,0,,,,junior_card
2442,0,0,0,0,0,0,0,,,,junior_card
2443,0,0,0,0,0,0,0,,,,junior_card
2444,0,0,0,0,0,0,0,,,,junior_card
2451,0,0,0,0,0,0,0,,,,junior_card
2453,0,0,0,0,0,0,0,,,,junior_card
2456,0,0,0,0,0,0,0,,,,junior_card
2457,0,0,0,0,0,0,0,,,,junior_card
2458,0,0,0,0,0,0,0,,,,junior_card
2462,0,0,0,0,0,0,0,,,,junior_card
2463,0,0,0,0,0,0,0,,,,junior_card
2464,0,0,0,0,0,0,0,,,,junior_card
2467,0,0,0,0,0,0,0,,,,junior_card
2470,0,0,0,0,0,0,0,,,,junior_card
2471,0,0,0,0,0,0,0,,,,junior_card
2482,0,0,0,0,0,0,0,,,,junior_card
2483,0,0,0,0,0,0,0,,,,junior_card
2485,0,0,0,0,0,0,0,,,,junior_card
2495,0,0,0,0,0,0,0,,,,junior_card
2499,0,0,0,0,0,0,0,,,,junior_card
2500,0,0,0,0,0,0,0,,,,junior_card
2516,0,0,0,0,0,0,0,,,,junior_card
2517,0,0,0,0,0,0,0,,,,junior_card
2518,0,0,0,0,0,0,0,,,,junior_card
2521,0,0,0,0,0,0,0,,,,junior_card
2523,0,0,0,0,0,0,0,,,,junior_card
2533,0,0,0,0,0,0,0,,,,junior_card
2534,0,0,0,0,0,0,0,,,,junior_card
2535,0,0,0,0,0,0,0,,,,junior_card
2549,0,0,0,0,0,0,0,,,,junior_card
2551,0,0,0,0,0,0,0,,,,junior_card
2554,0,0,0,0,0,0,0,,,,junior_card
2561,0,0,0,0,0,0,0,,,,junior_card
2568,0,0,0,0,0,0,0,,,,junior_card
2570,0,0,0,0,0,0,0,,,,junior_card
2574,0,0,0,0,0,0,0,,,,junior_card
2579,0,0,0,0,0,0,0,,,,junior_card
2580,0,0,0,0,0,0,0,,,,junior_card
2582,0,0,0,0,0,0,0,,,,junior_card
2583,0,0,0,0,0,0,0,,,,junior_card
2584,0,0,0,0,0,0,0,,,,junior_card
2599,0,0,0,0,0,0,0,,,,junior_card
2600,0,0,0,0,0,0,0,,,,junior_card
2604,0,0,0,0,0,0,0,,,,junior_card
2605,0,0,0,0,0,0,0,,,,junior_card
2607,0,0,0,0,0,0,0,,,,junior_card
2608,0,0,0,0,0,0,0,,,,junior_card
2611,0,0,0,0,0,0,0,,,,junior_card
2614,0,0,0,0,0,0,0,,,,junior_card
2615,0,0,0,0,0,0,0,,,,junior_card
2618,0,0,0,0,0,0,0,,,,junior_card
2628,0,0,0,0,0,0,0,,,,junior_card
2629,0,0,0,0,0,0,0,,,,junior_card
2630,0,0,0,0,0,0,0,,,,junior_card
2636,0,0,0,0,0,0,0,,,,junior_card
2637,0,0,0,0,0,0,0,,,,junior_card
2638,0,0,0,0,0,0,0,,,,junior_card
2643,0,0,0,0,0,0,0,,,,junior_card
2645,0,0,0,0,0,0,0,,,,junior_card
2647,0,0,0,0,0,0,0,,,,junior_card
2648,0,0,0,0,0,0,0,,,,junior_card
2652,0,0,0,0,0,0,0,,,,junior_card
2654,0,0,0,0,0,0,0,,,,junior_card
2658,0,0,0,0,0,0,0,,,,junior_card
2669,0,0,0,0,0,0,0,,,,junior_card
2670,0,0,0,0,0,0,0,,,,junior_card
2672,0,0,0,0,0,0,0,,,,junior_card
2675,0,0,0,0,0,0,0,,,,junior_card
2677,0,0,0,0,0,0,0,,,,junior_card
2678,0,0,0,0,0,0,0,,,,junior_card
2680,0,0,0,0,0,0,0,,,,junior_card
2683,0,0,0,0,0,0,0,,,,junior_card
2687,0,0,0,0,0,0,0,,,,junior_card
2689,0,0,0,0,0,0,0,,,,junior_card
2692,0,0,0,0,0,0,0,,,,junior_card
2694,0,0,0,0,0,0,0,,,,junior_card
2695,0,0,0,0,0,0,0,,,,junior_card
2696,0,0,0,0,0,0,0,,,,junior_card
2697,0,0,0,0,0,0,0,,,,junior_card
2702,0,0,0,0,0,0,0,,,,junior_card
2704,0,0,0,0,0,0,0,,,,junior_card
2717,0,0,0,0,0,0,0,,,,junior_card
2718,0,0,0,0,0,0,0,,,,junior_card
2720,0,0,0,0,0,0,0,,,,junior_card
2728,0,0,0,0,0,0,0,,,,junior_card
2730,0,0,0,0,0,0,0,,,,junior_card
2731,0,0,0,0,0,0,0,,,,junior_card
2733,0,0,0,0,0,0,0,,,,junior_card
2734,0,0,0,0,0,0,0,,,,junior_card
2735,0,0,0,0,0,0,0,,,,junior_card
2742,0,0,0,0,0,0,0,,,,junior_card
2744,0,0,0,0,0,0,0,,,,junior_card
2745,0,0,0,0,0,0,0,,,,junior_card
2747,0,0,0,0,0,0,0,,,,junior_card
2748,0,0,0,0,0,0,0,,,,junior_card
2749,0,0,0,0,0,0,0,,,,junior_card
2750,0,0,0,0,0,0,0,,,,junior_card
2756,0,0,0,0,0,0,0,,,,junior_card
2758,0,0,0,0,0,0,0,,,,junior_card
2769,0,0,0,0,0,0,0,,,,junior_card
2771,0,0,0,0,0,0,0,,,,junior_card
2772,0,0,0,0,0,0,0,,,,junior_card
2773,0,0,0,0,0,0,0,,,,junior_card
2774,0,0,0,0,0,0,0,,,,junior_card
2776,0,0,0,0,0,0,0,,,,junior_card
2780,0,0,0,0,0,0,0,,,,junior_card
2783,0,0,0,0,0,0,0,,,,junior_card
2791,0,0,0,0,0,0,0,,,,junior_card
2798,0,0,0,0,0,0,0,,,,junior_card
2800,0,0,0,0,0,0,0,,,,junior_card
2801,0,0,0,0,0,0,0,,,,junior_card
2803,0,0,0,0,0,0,0,,,,junior_card
2804,0,0,0,0,0,0,0,,,,junior_card
2811,0,0,0,0,0,0,0,,,,junior_card
2813,0,0,0,0,0,0,0,,,,junior_card
2816,0,0,0,0,0,0,0,,,,junior_card
2823,0,0,0,0,0,0,0,,,,junior_card
2824,0,0,0,0,0,0,0,,,,junior_card
2826,0,0,0,0,0,0,0,,,,junior_card
2827,0,0,0,0,0,0,0,,,,junior_card
2828,0,0,0,0,0,0,0,,,,junior_card
2829,0,0,0,0,0,0,0,,,,junior_card
2832,0,0,0,0,0,0,0,,,,junior_card
2833,0,0,0,0,0,0,0,,,,junior_card
2834,0,0,0,0,0,0,0,,,,junior_card
2837,0,0,0,0,0,0,0,,,,junior_card
2839,0,0,0,0,0,0,0,,,,junior_card
2840,0,0,0,0,0,0,0,,,,junior_card
2847,0,0,0,0,0,0,0,,,,junior_card
2849,0,0,0,0,0,0,0,,,,junior_card
2851,0,0,0,0,0,0,0,,,,junior_card
2852,0,0,0,0,0,0,0,,,,junior_card
2854,0,0,0,0,0,0,0,,,,junior_card
2857,0,0,0,0,0,0,0,,,,junior_card
2859,0,0,0,0,0,0,0,,,,junior_card
2866,0,0,0,0,0,0,0,,,,junior_card
2868,0,0,0,0,0,0,0,,,,junior_card
2872,0,0,0,0,0,0,0,,,,junior_card
2875,0,0,0,0,0,0,0,,,,junior_card
2877,0,0,0,0,0,0,0,,,,junior_card
2878,0,0,0,0,0,0,0,,,,junior_card
2882,0,0,0,0,0,0,0,,,,junior_card
2892,0,0,0,0,0,0,0,,,,junior_card
2893,0,0,0,0,0,0,0,,,,junior_card
2897,0,0,0,0,0,0,0,,,,junior_card
2898,0,0,0,0,0,0,0,,,,junior_card
2899,0,0,0,0,0,0,0,,,,junior_card
2904,0,0,0,0,0,0,0,,,,junior_card
2906,0,0,0,0,0,0,0,,,,junior_card
2907,0,0,0,0,0,0,0,,,,junior_card
2909,0,0,0,0,0,0,0,,,,junior_card
2917,0,0,0,0,0,0,0,,,,junior_card
2922,0,0,0,0,0,0,0,,,,junior_card
2925,0,0,0,0,0,0,0,,,,junior_card
2926,0,0,0,0,0,0,0,,,,junior_card
2927,0,0,0,0,0,0,0,,,,junior_card
2928,0,0,0,0,0,0,0,,,,junior_card
2933,0,0,0,0,0,0,0,,,,junior_card
2934,0,0,0,0,0,0,0,,,,junior_card
2936,0,0,0,0,0,0,0,,,,junior_card
2938,0,0,0,0,0,0,0,,,,junior_card
2939,0,0,0,0,0,0,0,,,,junior_card
2945,0,0,0,0,0,0,0,,,,junior_card
2946,0,0,0,0,0,0,0,,,,junior_card
2949,0,0,0,0,0,0,0,,,,junior_card
2950,0,0,0,0,0,0,0,,,,junior_card
2953,0,0,0,0,0,0,0,,,,junior_card
2956,0,0,0,0,0,0,0,,,,junior_card
2960,0,0,0,0,0,0,0,,,,junior_card
2961,0,0,0,0,0,0,0,,,,junior_card
2962,0,0,0,0,0,0,0,,,,junior_card
2963,0,0,0,0,0,0,0,,,,junior_card
2965,0,0,0,0,0,0,0,,,,junior_card
2970,0,0,0,0,0,0,0,,,,junior_card
2976,0,0,0,0,0,0,0,,,,junior_card
2981,0,0,0,0,0,0,0,,,,junior_card
2987,0,0,0,0,0,0,0,,,,junior_card
2989,0,0,0,0,0,0,0,,,,junior_card
2997,0,0,0,0,0,0,0,,,,junior_card
3000,0,0,0,0,0,0,0,,,,junior_card
3005,0,0,0,0,0,0,0,,,,junior_card
3008,0,0,0,0,0,0,0,,,,junior_card
3017,0,0,0,0,0,0,0,,,,junior_card
3020,0,0,0,0,0,0,0,,,,junior_card
3024,0,0,0,0,0,0,0,,,,junior_card
3025,0,0,0,0,0,0,0,,,,junior_card
3028,0,0,0,0,0,0,0,,,,junior_card
3038,0,0,0,0,0,0,0,,,,junior_card
3044,0,0,0,0,0,0,0,,,,junior_card
3046,0,0,0,0,0,0,0,,,,junior_card
3048,0,0,0,0,0,0,0,,,,junior_card
3055,0,0,0,0,0,0,0,,,,junior_card
3058,0,0,0,0,0,0,0,,,,junior_card
3062,0,0,0,0,0,0,0,,,,junior_card
3064,0,0,0,0,0,0,0,,,,junior_card
3065,0,0,0,0,0,0,0,,,,junior_card
3070,0,0,0,0,0,0,0,,,,junior_card
3072,0,0,0,0,0,0,0,,,,junior_card
3073,0,0,0,0,0,0,0,,,,junior_card
3077,0,0,0,0,0,0,0,,,,junior_card
3078,0,0,0,0,0,0,0,,,,junior_card
3081,0,0,0,0,0,0,0,,,,junior_card
3086,0,0,0,0,0,0,0,,,,junior_card
3097,0,0,0,0,0,0,0,,,,junior_card
3100,0,0,0,0,0,0,0,,,,junior_card
3101,0,0,0,0,0,0,0,,,,junior_card
3105,0,0,0,0,0,0,0,,,,junior_card
3106,0,0,0,0,0,0,0,,,,junior_card
3109,0,0,0,0,0,0,0,,,,junior_card
3110,0,0,0,0,0,0,0,,,,junior_card
3111,0,0,0,0,0,0,0,,,,junior_card
3117,0,0,0,0,0,0,0,,,,junior_card
3118,0,0,0,0,0,0,0,,,,junior_card
3119,0,0,0,0,0,0,0,,,,junior_card
3125,0,0,0,0,0,0,0,,,,junior_card
3127,0,0,0,0,0,0,0,,,,junior_card
3129,0,0,0,0,0,0,0,,,,junior_card
3131,0,0,0,0,0,0,0,,,,junior_card
3137,0,0,0,0,0,0,0,,,,junior_card
3138,0,0,0,0,0,0,0,,,,junior_card
3142,0,0,0,0,0,0,0,,,,junior_card
3143,0,0,0,0,0,0,0,,,,junior_card
3144,0,0,0,0,0,0,0,,,,junior_card
3145,0,0,0,0,0,0,0,,,,junior_card
3146,0,0,0,0,0,0,0,,,,junior_card
3148,0,0,0,0,0,0,0,,,,junior_card
3149,0,0,0,0,0,0,0,,,,junior_card
3150,0,0,0,0,0,0,0,,,,junior_card
3152,0,0,0,0,0,0,0,,,,junior_card
3153,0,0,0,0,0,0,0,,,,junior_card
3154,0,0,0,0,0,0,0,,,,junior_card
3157,0,0,0,0,0,0,0,,,,junior_card
3159,0,0,0,0,0,0,0,,,,junior_card
3170,0,0,0,0,0,0,0,,,,junior_card
3171,0,0,0,0,0,0,0,,,,junior_card
3177,0,0,0,0,0,0,0,,,,junior_card
3179,0,0,0,0,0,0,0,,,,junior_card
3180,0,0,0,0,0,0,0,,,,junior_card
3182,0,0,0,0,0,0,0,,,,junior_card
3190,0,0,0,0,0,0,0,,,,junior_card
3202,0,0,0,0,0,0,0,,,,junior_card
3206,0,0,0,0,0,0,0,,,,junior_card
3207,0,0,0,0,0,0,0,,,,junior_card
3208,0,0,0,0,0,0,0,,,,junior_card
3209,0,0,0,0,0,0,0,,,,junior_card
3213,0,0,0,0,0,0,0,,,,junior_card
3214,0,0,0,0,0,0,0,,,,junior_card
3215,0,0,0,0,0,0,0,,,,junior_card
3234,0,0,0,0,0,0,0,,,,junior_card
3241,0,0,0,0,0,0,0,,,,junior_card
3243,0,0,0,0,0,0,0,,,,junior_card
3244,0,0,0,0,0,0,0,,,,junior_card
3248,0,0,0,0,0,0,0,,,,junior_card
3254,0,0,0,0,0,0,0,,,,junior_card
3262,0,0,0,0,0,0,0,,,,junior_card
3270,0,0,0,0,0,0,0,,,,junior_card
3271,0,0,0,0,0,0,0,,,,junior_card
3272,0,0,0,0,0,0,0,,,,junior_card
3274,0,0,0,0,0,0,0,,,,junior_card
3275,0,0,0,0,0,0,0,,,,junior_card
3283,0,0,0,0,0,0,0,,,,junior_card
3284,0,0,0,0,0,0,0,,,,junior_card
3285,0,0,0,0,0,0,0,,,,junior_card
3288,0,0,0,0,0,0,0,,,,junior_card
3304,0,0,0,0,0,0,0,,,,junior_card
3306,0,0,0,0,0,0,0,,,,junior_card
3309,0,0,0,0,0,0,0,,,,junior_card
3313,0,0,0,0,0,0,0,,,,junior_card
3314,0,0,0,0,0,0,0,,,,junior_card
3327,0,0,0,0,0,0,0,,,,junior_card
3338,0,0,0,0,0,0,0,,,,junior_card
3345,0,0,0,0,0,0,0,,,,junior_card
3346,0,0,0,0,0,0,0,,,,junior_card
3351,0,0,0,0,0,0,0,,,,junior_card
3353,0,0,0,0,0,0,0,,,,junior_card
3359,0,0,0,0,0,0,0,,,,junior_card
3361,0,0,0,0,0,0,0,,,,junior_card
3370,0,0,0,0,0,0,0,,,,junior_card
3376,0,0,0,0,0,0,0,,,,junior_card
3377,0,0,0,0,0,0,0,,,,junior_card
3379,0,0,0,0,0,0,0,,,,junior_card
3385,0,0,0,0,0,0,0,,,,junior_card
3386,0,0,0,0,0,0,0,,,,junior_card
3406,0,0,0,0,0,0,0,,,,junior_card
3409,0,0,0,0,0,0,0,,,,junior_card
3421,0,0,0,0,0,0,0,,,,junior_card
3424,0,0,0,0,0,0,0,,,,junior_card
3429,0,0,0,0,0,0,0,,,,junior_card
3438,0,0,0,0,0,0,0,,,,junior_card
3440,0,0,0,0,0,0,0,,,,junior_card
3443,0,0,0,0,0,0,0,,,,junior_card
3447,0,0,0,0,0,0,0,,,,junior_card
3449,0,0,0,0,0,0,0,,,,junior_card
3454,0,0,0,0,0,0,0,,,,junior_card
3456,0,0,0,0,0,0,0,,,,junior_card
3466,0,0,0,0,0,0,0,,,,junior_card
3467,0,0,0,0,0,0,0,,,,junior_card
3470,0,0,0,0,0,0,0,,,,junior_card
3473,0,0,0,0,0,0,0,,,,junior_card
3478,0,0,0,0,0,0,0,,,,junior_card
3482,0,0,0,0,0,0,0,,,,junior_card
3483,0,0,0,0,0,0,0,,,,junior_card
3485,0,0,0,0,0,0,0,,,,junior_card
3490,0,0,0,0,0,0,0,,,,junior_card
3491,0,0,0,0,0,0,0,,,,junior_card
3495,0,0,0,0,0,0,0,,,,junior_card
3496,0,0,0,0,0,0,0,,,,junior_card
3498,0,0,0,0,0,0,0,,,,junior_card
3507,0,0,0,0,0,0,0,,,,junior_card
3510,0,0,0,0,0,0,0,,,,junior_card
3513,0,0,0,0,0,0,0,,,,junior_card
3514,0,0,0,0,0,0,0,,,,junior_card
3520,0,0,0,0,0,0,0,,,,junior_card
3524,0,0,0,0,0,0,0,,,,junior_card
3531,0,0,0,0,0,0,0,,,,junior_card
3532,0,0,0,0,0,0,0,,,,junior_card
3536,0,0,0,0,0,0,0,,,,junior_card
3537,0,0,0,0,0,0,0,,,,junior_card
3538,0,0,0,0,0,0,0,,,,junior_card
3540,0,0,0,0,0,0,0,,,,junior_card
3542,0,0,0,0,0,0,0,,,,junior_card
3543,0,0,0,0,0,0,0,,,,junior_card
3547,0,0,0,0,0,0,0,,,,junior_card
3549,0,0,0,0,0,0,0,,,,junior_card
3552,0,0,0,0,0,0,0,,,,junior_card
3557,0,0,0,0,0,0,0,,,,junior_card
3558,0,0,0,0,0,0,0,,,,junior_card
3559,0,0,0,0,0,0,0,,,,junior_card
3563,0,0,0,0,0,0,0,,,,junior_card
3566,0,0,0,0,0,0,0,,,,junior_card
3569,0,0,0,0,0,0,0,,,,junior_card
3570,0,0,0,0,0,0,0,,,,junior_card
3572,0,0,0,0,0,0,0,,,,junior_card
3574,0,0,0,0,0,0,0,,,,junior_card
3575,0,0,0,0,0,0,0,,,,junior_card
3576,0,0,0,0,0,0,0,,,,junior_card
3578,0,0,0,0,0,0,0,,,,junior_card
3579,0,0,0,0,0,0,0,,,,junior_card
3580,0,0,0,0,0,0,0,,,,junior_card
3584,0,0,0,0,0,0,0,,,,junior_card
3586,0,0,0,0,0,0,0,,,,junior_card
3587,0,0,0,0,0,0,0,,,,junior_card
3591,0,0,0,0,0,0,0,,,,junior_card
3592,0,0,0,0,0,0,0,,,,junior_card
3597,0,0,0,0,0,0,0,,,,junior_card
3598,0,0,0,0,0,0,0,,,,junior_card
3599,0,0,0,0,0,0,0,,,,junior_card
3600,0,0,0,0,0,0,0,,,,junior_card
3602,0,0,0,0,0,0,0,,,,junior_card
3605,0,0,0,0,0,0,0,,,,junior_card
3607,0,0,0,0,0,0,0,,,,junior_card
3608,0,0,0,0,0,0,0,,,,junior_card
3621,0,0,0,0,0,0,0,,,,junior_card
3622,0,0,0,0,0,0,0,,,,junior_card
3629,0,0,0,0,0,0,0,,,,junior_card
3630,0,0,0,0,0,0,0,,,,junior_card
3631,0,0,0,0,0,0,0,,,,junior_card
3633,0,0,0,0,0,0,0,,,,junior_card
3634,0,0,0,0,0,0,0,,,,junior_card
3635,0,0,0,0,0,0,0,,,,junior_card
3639,0,0,0,0,0,0,0,,,,junior_card
3646,0,0,0,0,0,0,0,,,,junior_card
3647,0,0,0,0,0,0,0,,,,junior_card
3650,0,0,0,0,0,0,0,,,,junior_card
3651,0,0,0,0,0,0,0,,,,junior_card
3652,0,0,0,0,0,0,0,,,,junior_card
3654,0,0,0,0,0,0,0,,,,junior_card
3656,0,0,0,0,0,0,0,,,,junior_card
3658,0,0,0,0,0,0,0,,,,junior_card
3659,0,0,0,0,0,0,0,,,,junior_card
3661,0,0,0,0,0,0,0,,,,junior_card
3662,0,0,0,0,0,0,0,,,,junior_card
3663,0,0,0,0,0,0,0,,,,junior_card
3672,0,0,0,0,0,0,0,,,,junior_card
3678,0,0,0,0,0,0,0,,,,junior_card
3679,0,0,0,0,0,0,0,,,,junior_card
3681,0,0,0,0,0,0,0,,,,junior_card
3682,0,0,0,0,0,0,0,,,,junior_card
3694,0,0,0,0,0,0,0,,,,junior_card
3695,0,0,0,0,0,0,0,,,,junior_card
3696,0,0,0,0,0,0,0,,,,junior_card
3703,0,0,0,0,0,0,0,,,,junior_card
3707,0,0,0,0,0,0,0,,,,junior_card
3717,0,0,0,0,0,0,0,,,,junior_card
3718,0,0,0,0,0,0,0,,,,junior_card
3720,0,0,0,0,0,0,0,,,,junior_card
3724,0,0,0,0,0,0,0,,,,junior_card
3728,0,0,0,0,0,0,0,,,,junior_card
3729,0,0,0,0,0,0,0,,,,junior_card
3730,0,0,0,0,0,0,0,,,,junior_card
3732,0,0,0,0,0,0,0,,,,junior_card
3734,0,0,0,0,0,0,0,,,,junior_card
3736,0,0,0,0,0,0,0,,,,junior_card
3737,0,0,0,0,0,0,0,,,,junior_card
3740,0,0,0,0,0,0,0,,,,junior_card
3741,0,0,0,0,0,0,0,,,,junior_card
3748,0,0,0,0,0,0,0,,,,junior_card
3749,0,0,0,0,0,0,0,,,,junior_card
3750,0,0,0,0,0,0,0,,,,junior_card
3754,0,0,0,0,0,0,0,,,,junior_card
3767,0,0,0,0,0,0,0,,,,junior_card
3768,0,0,0,0,0,0,0,,,,junior_card
3770,0,0,0,0,0,0,0,,,,junior_card
3771,0,0,0,0,0,0,0,,,,junior_card
3772,0,0,0,0,0,0,0,,,,junior_card
3774,0,0,0,0,0,0,0,,,,junior_card
3775,0,0,0,0,0,0,0,,,,junior_card
3785,0,0,0,0,0,0,0,,,,junior_card
3790,0,0,0,0,0,0,0,,,,junior_card
3791,0,0,0,0,0,0,0,,,,junior_card
3799,0,0,0,0,0,0,0,,,,junior_card
3801,0,0,0,0,0,0,0,,,,junior_card
3802,0,0,0,0,0,0,0,,,,junior_card
3803,0,0,0,0,0,0,0,,,,junior_card
3805,0,0,0,0,0,0,0,,,,junior_card
3807,0,0,0,0,0,0,0,,,,junior_card
3808,0,0,0,0,0,0,0,,,,junior_card
3814,0,0,0,0,0,0,0,,,,junior_card
3817,0,0,0,0,0,0,0,,,,junior_card
3818,0,0,0,0,0,0,0,,,,junior_card
3819,0,0,0,0,0,0,0,,,,junior_card
3826,0,0,0,0,0,0,0,,,,junior_card
3827,0,0,0,0,0,0,0,,,,junior_card
3831,0,0,0,0,0,0,0,,,,junior_card
3832,0,0,0,0,0,0,0,,,,junior_card
3835,0,0,0,0,0,0,0,,,,junior_card
3836,0,0,0,0,0,0,0,,,,junior_card
3837,0,0,0,0,0,0,0,,,,junior_card
3838,0,0,0,0,0,0,0,,,,junior_card
3839,0,0,0,0,0,0,0,,,,junior_card
3840,0,0,0,0,0,0,0,,,,junior_card
3841,0,0,0,0,0,0,0,,,,junior_card
3848,0,0,0,0,0,0,0,,,,junior_card
3855,0,0,0,0,0,0,0,,,,junior_card
3856,0,0,0,0,0,0,0,,,,junior_card
3859,0,0,0,0,0,0,0,,,,junior_card
3860,0,0,0,0,0,0,0,,,,junior_card
3862,0,0,0,0,0,0,0,,,,junior_card
3863,0,0,0,0,0,0,0,,,,junior_card
3864,0,0,0,0,0,0,0,,,,junior_card
3869,0,0,0,0,0,0,0,,,,junior_card
3872,0,0,0,0,0,0,0,,,,junior_card
3875,0,0,0,0,0,0,0,,,,junior_card
3876,0,0,0,0,0,0,0,,,,junior_card
3882,0,0,0,0,0,0,0,,,,junior_card
3887,0,0,0,0,0,0,0,,,,junior_card
3888,0,0,0,0,0,0,0,,,,junior_card
3895,0,0,0,0,0,0,0,,,,junior_card
3898,0,0,0,0,0,0,0,,,,junior_card
3899,0,0,0,0,0,0,0,,,,junior_card
3900,0,0,0,0,0,0,0,,,,junior_card
3902,0,0,0,0,0,0,0,,,,junior_card
3903,0,0,0,0,0,0,0,,,,junior_card
3904,0,0,0,0,0,0,0,,,,junior_card
3905,0,0,0,0,0,0,0,,,,junior_card
3908,0,0,0,0,0,0,0,,,,junior_card
3909,0,0,0,0,0,0,0,,,,junior_card
3910,0,0,0,0,0,0,0,,,,junior_card
3912,0,0,0,0,0,0,0,,,,junior_card
3914,0,0,0,0,0,0,0,,,,junior_card
3920,0,0,0,0,0,0,0,,,,junior_card
3922,0,0,0,0,0,0,0,,,,junior_card
3923,0,0,0,0,0,0,0,,,,junior_card
3925,0,0,0,0,0,0,0,,,,junior_card
3927,0,0,0,0,0,0,0,,,,junior_card
3928,0,0,0,0,0,0,0,,,,junior_card
3930,0,0,0,0,0,0,0,,,,junior_card
3931,0,0,0,0,0,0,0,,,,junior_card
3932,0,0,0,0,0,0,0,,,,junior_card
3935,0,0,0,0,0,0,0,,,,junior_card
3945,0,0,0,0,0,0,0,,,,junior_card
3950,0,0,0,0,0,0,0,,,,junior_card
3951,0,0,0,0,0,0,0,,,,junior_card
3953,0,0,0,0,0,0,0,,,,junior_card
3961,0,0,0,0,0,0,0,,,,junior_card
3964,0,0,0,0,0,0,0,,,,junior_card
3972,0,0,0,0,0,0,0,,,,junior_card
3974,0,0,0,0,0,0,0,,,,junior_card
3979,0,0,0,0,0,0,0,,,,junior_card
3982,0,0,0,0,0,0,0,,,,junior_card
3983,0,0,0,0,0,0,0,,,,junior_card
3995,0,0,0,0,0,0,0,,,,junior_card
3996,0,0,0,0,0,0,0,,,,junior_card
3997,0,0,0,0,0,0,0,,,,junior_card
4002,0,0,0,0,0,0,0,,,,junior_card
4003,0,0,0,0,0,0,0,,,,junior_card
4010,0,0,0,0,0,0,0,,,,junior_card
4021,0,0,0,0,0,0,0,,,,junior_card
4022,0,0,0,0,0,0,0,,,,junior_card
4023,0,0,0,0,0,0,0,,,,junior_card
4033,0,0,0,0,0,0,0,,,,junior_card
4034,0,0,0,0,0,0,0,,,,junior_card
4035,0,0,0,0,0,0,0,,,,junior_card
4042,0,0,0,0,0,0,0,,,,junior_card
4044,0,0,0,0,0,0,0,,,,junior_card
4046,0,0,0,0,0,0,0,,,,junior_card
4047,0,0,0,0,0,0,0,,,,junior_card
4048,0,0,0,0,0,0,0,,,,junior_card
4049,0,0,0,0,0,0,0,,,,junior_card
4050,0,0,0,0,0,0,0,,,,junior_card
4051,0,0,0,0,0,0,0,,,,junior_card
4053,0,0,0,0,0,0,0,,,,junior_card
4059,0,0,0,0,0,0,0,,,,junior_card
4066,0,0,0,0,0,0,0,,,,junior_card
4068,0,0,0,0,0,0,0,,,,junior_card
4071,0,0,0,0,0,0,0,,,,junior_card
4075,0,0,0,0,0,0,0,,,,junior_card
4080,0,0,0,0,0,0,0,,,,junior_card
4086,0,0,0,0,0,0,0,,,,junior_card
4087,0,0,0,0,0,0,0,,,,junior_card
4088,0,0,0,0,0,0,0,,,,junior_card
4089,0,0,0,0,0,0,0,,,,junior_card
4092,0,0,0,0,0,0,0,,,,junior_card
4093,0,0,0,0,0,0,0,,,,junior_card
4098,0,0,0,0,0,0,0,,,,junior_card
4099,0,0,0,0,0,0,0,,,,junior_card
4104,0,0,0,0,0,0,0,,,,junior_card
4106,0,0,0,0,0,0,0,,,,junior_card
4108,0,0,0,0,0,0,0,,,,junior_card
4113,0,0,0,0,0,0,0,,,,junior_card
4117,0,0,0,0,0,0,0,,,,junior_card
4125,0,0,0,0,0,0,0,,,,junior_card
4145,0,0,0,0,0,0,0,,,,junior_card
4151,0,0,0,0,0,0,0,,,,junior_card
4152,0,0,0,0,0,0,0,,,,junior_card
4155,0,0,0,0,0,0,0,,,,junior_card
4158,0,0,0,0,0,0,0,,,,junior_card
4159,0,0,0,0,0,0,0,,,,junior_card
4164,0,0,0,0,0,0,0,,,,junior_card
4172,0,0,0,0,0,0,0,,,,junior_card
4174,0,0,0,0,0,0,0,,,,junior_card
4176,0,0,0,0,0,0,0,,,,junior_card
4177,0,0,0,0,0,0,0,,,,junior_card
4179,0,0,0,0,0,0,0,,,,junior_card
4180,0,0,0,0,0,0,0,,,,junior_card
4182,0,0,0,0,0,0,0,,,,junior_card
4183,0,0,0,0,0,0,0,,,,junior_card
4189,0,0,0,0,0,0,0,,,,junior_card
4192,0,0,0,0,0,0,0,,,,junior_card
4193,0,0,0,0,0,0,0,,,,junior_card
4205,0,0,0,0,0,0,0,,,,junior_card
4206,0,0,0,0,0,0,0,,,,junior_card
4207,0,0,0,0,0,0,0,,,,junior_card
4209,0,0,0,0,0,0,0,,,,junior_card
4213,0,0,0,0,0,0,0,,,,junior_card
4214,0,0,0,0,0,0,0,,,,junior_card
4218,0,0,0,0,0,0,0,,,,junior_card
4219,0,0,0,0,0,0,0,,,,junior_card
4222,0,0,0,0,0,0,0,,,,junior_card
4233,0,0,0,0,0,0,0,,,,junior_card
4237,0,0,0,0,0,0,0,,,,junior_card
4239,0,0,0,0,0,0,0,,,,junior_card
4244,0,0,0,0,0,0,0,,,,junior_card
4253,0,0,0,0,0,0,0,,,,junior_card
4255,0,0,0,0,0,0,0,,,,junior_card
4259,0,0,0,0,0,0,0,,,,junior_card
4261,0,0,0,0,0,0,0,,,,junior_card
4262,0,0,0,0,0,0,0,,,,junior_card
4267,0,0,0,0,0,0,0,,,,junior_card
4268,0,0,0,0,0,0,0,,,,junior_card
4274,0,0,0,0,0,0,0,,,,junior_card
4278,0,0,0,0,0,0,0,,,,junior_card
4279,0,0,0,0,0,0,0,,,,junior_card
4280,0,0,0,0,0,0,0,,,,junior_card
4281,0,0,0,0,0,0,0,,,,junior_card
4282,0,0,0,0,0,0,0,,,,junior_card
4283,0,0,0,0,0,0,0,,,,junior_card
4284,0,0,0,0,0,0,0,,,,junior_card
4285,0,0,0,0,0,0,0,,,,junior_card
4290,0,0,0,0,0,0,0,,,,junior_card
4296,0,0,0,0,0,0,0,,,,junior_card
4297,0,0,0,0,0,0,0,,,,junior_card
4302,0,0,0,0,0,0,0,,,,junior_card
4304,0,0,0,0,0,0,0,,,,junior_card
4305,0,0,0,0,0,0,0,,,,junior_card
4306,0,0,0,0,0,0,0,,,,junior_card
4314,0,0,0,0,0,0,0,,,,junior_card
4319,0,0,0,0,0,0,0,,,,junior_card
4323,0,0,0,0,0,0,0,,,,junior_card
4324,0,0,0,0,0,0,0,,,,junior_card
4325,0,0,0,0,0,0,0,,,,junior_card
4326,0,0,0,0,0,0,0,,,,junior_card
4327,0,0,0,0,0,0,0,,,,junior_card
4329,0,0,0,0,0,0,0,,,,junior_card
4330,0,0,0,0,0,0,0,,,,junior_card
4332,0,0,0,0,0,0,0,,,,junior_card
4335,0,0,0,0,0,0,0,,,,junior_card
4342,0,0,0,0,0,0,0,,,,junior_card
4344,0,0,0,0,0,0,0,,,,junior_card
4347,0,0,0,0,0,0,0,,,,junior_card
4358,0,0,0,0,0,0,0,,,,junior_card
4362,0,0,0,0,0,0,0,,,,junior_card
4370,0,0,0,0,0,0,0,,,,junior_card
4372,0,0,0,0,0,0,0,,,,junior_card
4386,0,0,0,0,0,0,0,,,,junior_card
4387,0,0,0,0,0,0,0,,,,junior_card
4388,0,0,0,0,0,0,0,,,,junior_card
4389,0,0,0,0,0,0,0,,,,junior_card
4393,0,0,0,0,0,0,0,,,,junior_card
4402,0,0,0,0,0,0,0,,,,junior_card
4403,0,0,0,0,0,0,0,,,,junior_card
4408,0,0,0,0,0,0,0,,,,junior_card
4409,0,0,0,0,0,0,0,,,,junior_card
4414,0,0,0,0,0,0,0,,,,junior_card
4421,0,0,0,0,0,0,0,,,,junior_card
4422,0,0,0,0,0,0,0,,,,junior_card
4423,0,0,0,0,0,0,0,,,,junior_card
4424,0,0,0,0,0,0,0,,,,junior_card
4425,0,0,0,0,0,0,0,,,,junior_card
4431,0,0,0,0,0,0,0,,,,junior_card
4436,0,0,0,0,0,0,0,,,,junior_card
4440,0,0,0,0,0,0,0,,,,junior_card
4442,0,0,0,0,0,0,0,,,,junior_card
4448,0,0,0,0,0,0,0,,,,junior_card
4450,0,0,0,0,0,0,0,,,,junior_card
4451,0,0,0,0,0,0,0,,,,junior_card
4452,0,0,0,0,0,0,0,,,,junior_card
4456,0,0,0,0,0,0,0,,,,junior_card
4463,0,0,0,0,0,0,0,,,,junior_card
4465,0,0,0,0,0,0,0,,,,junior_card
4466,0,0,0,0,0,0,0,,,,junior_card
4468,0,0,0,0,0,0,0,,,,junior_card
4476,0,0,0,0,0,0,0,,,,junior_card
4485,0,0,0,0,0,0,0,,,,junior_card
4486,0,0,0,0,0,0,0,,,,junior_card
4489,0,0,0,0,0,0,0,,,,junior_card
4498,0,0,0,0,0,0,0,,,,junior_card
4499,0,0,0,0,0,0,0,,,,junior_card
4500,0,0,0,0,0,0,0,,,,junior_card
4501,0,0,0,0,0,0,0,,,,junior_card
4502,0,0,0,0,0,0,0,,,,junior_card
4503,0,0,0,0,0,0,0,,,,junior_card
4508,0,0,0,0,0,0,0,,,,junior_card
4509,0,0,0,0,0,0,0,,,,junior_card
4510,0,0,0,0,0,0,0,,,,junior_card
4511,0,0,0,0,0,0,0,,,,junior_card
4515,0,0,0,0,0,0,0,,,,junior_card
4521,0,0,0,0,0,0,0,,,,junior_card
4528,0,0,0,0,0,0,0,,,,junior_card
4535,0,0,0,0,0,0,0,,,,junior_card
4536,0,0,0,0,0,0,0,,,,junior_card
4539,0,0,0,0,0,0,0,,,,junior_card
4540,0,0,0,0,0,0,0,,,,junior_card
4545,0,0,0,0,0,0,0,,,,junior_card
4550,0,0,0,0,0,0,0,,,,junior_card
4551,0,0,0,0,0,0,0,,,,junior_card
4552,0,0,0,0,0,0,0,,,,junior_card
4554,0,0,0,0,0,0,0,,,,junior_card
4557,0,0,0,0,0,0,0,,,,junior_card
4558,0,0,0,0,0,0,0,,,,junior_card
4565,0,0,0,0,0,0,0,,,,junior_card
4567,0,0,0,0,0,0,0,,,,junior_card
4570,0,0,0,0,0,0,0,,,,junior_card
4572,0,0,0,0,0,0,0,,,,junior_card
4577,0,0,0,0,0,0,0,,,,junior_card
4579,0,0,0,0,0,0,0,,,,junior_card
4582,0,0,0,0,0,0,0,,,,junior_card
4583,0,0,0,0,0,0,0,,,,junior_card
4584,0,0,0,0,0,0,0,,,,junior_card
4585,0,0,0,0,0,0,0,,,,junior_card
4590,0,0,0,0,0,0,0,,,,junior_card
4593,0,0,0,0,0,0,0,,,,junior_card
4595,0,0,0,0,0,0,0,,,,junior_card
4598,0,0,0,0,0,0,0,,,,junior_card
4599,0,0,0,0,0,0,0,,,,junior_card
4601,0,0,0,0,0,0,0,,,,junior_card
4602,0,0,0,0,0,0,0,,,,junior_card
4603,0,0,0,0,0,0,0,,,,junior_card
4606,0,0,0,0,0,0,0,,,,junior_card
4608,0,0,0,0,0,0,0,,,,junior_card
4619,0,0,0,0,0,0,0,,,,junior_card
4620,0,0,0,0,0,0,0,,,,junior_card
4621,0,0,0,0,0,0,0,,,,junior_card
4626,0,0,0,0,0,0,0,,,,junior_card
4628,0,0,0,0,0,0,0,,,,junior_card
4629,0,0,0,0,0,0,0,,,,junior_card
4630,0,0,0,0,0,0,0,,,,junior_card
4631,0,0,0,0,0,0,0,,,,junior_card
4632,0,0,0,0,0,0,0,,,,junior_card
4634,0,0,0,0,0,0,0,,,,junior_card
4635,0,0,0,0,0,0,0,,,,junior_card
4644,0,0,0,0,0,0,0,,,,junior_card
4649,0,0,0,0,0,0,0,,,,junior_card
4653,0,0,0,0,0,0,0,,,,junior_card
4655,0,0,0,0,0,0,0,,,,junior_card
4656,0,0,0,0,0,0,0,,,,junior_card
4657,0,0,0,0,0,0,0,,,,junior_card
4658,0,0,0,0,0,0,0,,,,junior_card
4661,0,0,0,0,0,0,0,,,,junior_card
4662,0,0,0,0,0,0,0,,,,junior_card
4664,0,0,0,0,0,0,0,,,,junior_card
4665,0,0,0,0,0,0,0,,,,junior_card
4666,0,0,0,0,0,0,0,,,,junior_card
4667,0,0,0,0,0,0,0,,,,junior_card
4672,0,0,0,0,0,0,0,,,,junior_card
4677,0,0,0,0,0,0,0,,,,junior_card
4679,0,0,0,0,0,0,0,,,,junior_card
4681,0,0,0,0,0,0,0,,,,junior_card
4686,0,0,0,0,0,0,0,,,,junior_card
4687,0,0,0,0,0,0,0,,,,junior_card
4688,0,0,0,0,0,0,0,,,,junior_card
4693,0,0,0,0,0,0,0,,,,junior_card
4694,0,0,0,0,0,0,0,,,,junior_card
4695,0,0,0,0,0,0,0,,,,junior_card
4696,0,0,0,0,0,0,0,,,,junior_card
4700,0,0,0,0,0,0,0,,,,junior_card
4706,0,0,0,0,0,0,0,,,,junior_card
4707,0,0,0,0,0,0,0,,,,junior_card
4713,0,0,0,0,0,0,0,,,,junior_card
4716,0,0,0,0,0,0,0,,,,junior_card
4717,0,0,0,0,0,0,0,,,,junior_card
4718,0,0,0,0,0,0,0,,,,junior_card
4719,0,0,0,0,0,0,0,,,,junior_card
4720,0,0,0,0,0,0,0,,,,junior_card
4729,0,0,0,0,0,0,0,,,,junior_card
4730,0,0,0,0,0,0,0,,,,junior_card
4732,0,0,0,0,0,0,0,,,,junior_card
4734,0,0,0,0,0,0,0,,,,junior_card
4735,0,0,0,0,0,0,0,,,,junior_card
4736,0,0,0,0,0,0,0,,,,junior_card
4741,0,0,0,0,0,0,0,,,,junior_card
4742,0,0,0,0,0,0,0,,,,junior_card
4744,0,0,0,0,0,0,0,,,,junior_card
4746,0,0,0,0,0,0,0,,,,junior_card
4747,0,0,0,0,0,0,0,,,,junior_card
4754,0,0,0,0,0,0,0,,,,junior_card
4757,0,0,0,0,0,0,0,,,,junior_card
4760,0,0,0,0,0,0,0,,,,junior_card
4761,0,0,0,0,0,0,0,,,,junior_card
4767,0,0,0,0,0,0,0,,,,junior_card
4769,0,0,0,0,0,0,0,,,,junior_card
4770,0,0,0,0,0,0,0,,,,junior_card
4775,0,0,0,0,0,0,0,,,,junior_card
4777,0,0,0,0,0,0,0,,,,junior_card
4778,0,0,0,0,0,0,0,,,,junior_card
4784,0,0,0,0,0,0,0,,,,junior_card
4785,0,0,0,0,0,0,0,,,,junior_card
4786,0,0,0,0,0,0,0,,,,junior_card
4794,0,0,0,0,0,0,0,,,,junior_card
4795,0,0,0,0,0,0,0,,,,junior_card
4796,0,0,0,0,0,0,0,,,,junior_card
4797,0,0,0,0,0,0,0,,,,junior_card
4799,0,0,0,0,0,0,0,,,,junior_card
4803,0,0,0,0,0,0,0,,,,junior_card
4805,0,0,0,0,0,0,0,,,,junior_card
4806,0,0,0,0,0,0,0,,,,junior_card
4807,0,0,0,0,0,0,0,,,,junior_card
4809,0,0,0,0,0,0,0,,,,junior_card
4810,0,0,0,0,0,0,0,,,,junior_card
4812,0,0,0,0,0,0,0,,,,junior_card
4818,0,0,0,0,0,0,0,,,,junior_card
4822,0,0,0,0,0,0,0,,,,junior_card
4824,0,0,0,0,0,0,0,,,,junior_card
4916,0,0,0,0,0,0,0,,,,junior_card
4968,0,0,0,0,0,0,0,,,,junior_card
4979,0,0,0,0,0,0,0,,,,junior_card
4989,0,0,0,0,0,0,0,,,,junior_card
5046,0,0,0,0,0,0,0,,,,junior_card
5093,0,0,0,0,0,0,0,,,,junior_card
5107,0,0,0,0,0,0,0,,,,junior_card
5108,0,0,0,0,0,0,0,,,,junior_card
5180,0,0,0,0,0,0,0,,,,junior_card
5203,0,0,0,0,0,0,0,,,,junior_card
5212,0,0,0,0,0,0,0,,,,junior_card
5240,0,0,0,0,0,0,0,,,,junior_card
5254,0,0,0,0,0,0,0,,,,junior_card
5281,0,0,0,0,0,0,0,,,,junior_card
5312,0,0,0,0,0,0,0,,,,junior_card
5313,0,0,0,0,0,0,0,,,,junior_card
5334,0,0,0,0,0,0,0,,,,junior_card
5347,0,0,0,0,0,0,0,,,,junior_card
5358,0,0,0,0,0,0,0,,,,junior_card
5362,0,0,0,0,0,0,0,,,,junior_card
5374,0,0,0,0,0,0,0,,,,junior_card
5384,0,0,0,0,0,0,0,,,,junior_card
5409,0,0,0,0,0,0,0,,,,junior_card
5420,0,0,0,0,0,0,0,,,,junior_card
5450,0,0,0,0,0,0,0,,,,junior_card
5527,0,0,0,0,0,0,0,,,,junior_card
5753,0,0,0,0,0,0,0,,,,junior_card
5760,0,0,0,0,0,0,0,,,,junior_card
5761,0,0,0,0,0,0,0,,,,junior_card
5859,0,0,0,0,0,0,0,,,,junior_card
6034,0,0,0,0,0,0,0,,,,junior_card
6052,0,0,0,0,0,0,0,,,,junior_card
6114,0,0,0,0,0,0,0,,,,junior_card
6235,0,0,0,0,0,0,0,,,,junior_card
6256,0,0,0,0,0,0,0,,,,junior_card
6257,0,0,0,0,0,0,0,,,,junior_card
6272,0,0,0,0,0,0,0,,,,junior_card
6452,0,0,0,0,0,0,0,,,,junior_card
6474,0,0,0,0,0,0,0,,,,junior_card
6551,0,0,0,0,0,0,0,,,,junior_card
6604,0,0,0,0,0,0,0,,,,junior_card
6619,0,0,0,0,0,0,0,,,,junior_card
6691,0,0,0,0,0,0,0,,,,junior_card
6731,0,0,0,0,0,0,0,,,,junior_card
6749,0,0,0,0,0,0,0,,,,junior_card
6798,0,0,0,0,0,0,0,,,,junior_card
6886,0,0,0,0,0,0,0,,,,junior_card
6893,0,0,0,0,0,0,0,,,,junior_card
6922,0,0,0,0,0,0,0,,,,junior_card
7043,0,0,0,0,0,0,0,,,,junior_card
7291,0,0,0,0,0,0,0,,,,junior_card
7299,0,0,0,0,0,0,0,,,,junior_card
7390,0,0,0,0,0,0,0,,,,junior_card
7594,0,0,0,0,0,0,0,,,,junior_card
8200,0,0,0,0,0,0,0,,,,junior_card
8287,0,0,0,0,0,0,0,,,,junior_card
8327,0,0,0,0,0,0,0,,,,junior_card
8463,0,0,0,0,0,0,0,,,,junior_card
8510,0,0,0,0,0,0,0,,,,junior_card
8548,0,0,0,0,0,0,0,,,,junior_card
8610,0,0,0,0,0,0,0,,,,junior_card
8737,0,0,0,0,0,0,0,,,,junior_card
8738,0,0,0,0,0,0,0,,,,junior_card
8764,0,0,0,0,0,0,0,,,,junior_card
9173,0,0,0,0,0,0,0,,,,junior_card
9174,0,0,0,0,0,0,0,,,,junior_card
9196,0,0,0,0,0,0,0,,,,junior_card
9217,0,0,0,0,0,0,0,,,,junior_card
9226,0,0,0,0,0,0,0,,,,junior_card
9417,0,0,0,0,0,0,0,,,,junior_card
9433,0,0,0,0,0,0,0,,,,junior_card
9450,0,0,0,0,0,0,0,,,,junior_card
9456,0,0,0,0,0,0,0,,,,junior_card
9606,0,0,0,0,0,0,0,,,,junior_card
9642,0,0,0,0,0,0,0,,,,junior_card
9663,0,0,0,0,0,0,0,,,,junior_card
9664,0,0,0,0,0,0,0,,,,junior_card
9670,0,0,0,0,0,0,0,,,,junior_card
9844,0,0,0,0,0,0,0,,,,junior_card
9845,0,0,0,0,0,0,0,,,,junior_card
9973,0,0,0,0,0,0,0,,,,junior_card
10046,0,0,0,0,0,0,0,,,,junior_card
10159,0,0,0,0,0,0,0,,,,junior_card
10269,0,0,0,0,0,0,0,,,,junior_card
10389,0,0,0,0,0,0,0,,,,junior_card
10475,0,0,0,0,0,0,0,,,,junior_card
10492,0,0,0,0,0,0,0,,,,junior_card
10510,0,0,0,0,0,0,0,,,,junior_card
10555,0,0,0,0,0,0,0,,,,junior_card
10563,0,0,0,0,0,0,0,,,,junior_card
10566,0,0,0,0,0,0,0,,,,junior_card
10662,0,0,0,0,0,0,0,,,,junior_card
10702,0,0,0,0,0,0,0,,,,junior_card
10714,0,0,0,0,0,0,0,,,,junior_card
10960,0,0,0,0,0,0,0,,,,junior_card
10963,0,0,0,0,0,0,0,,,,junior_card
11123,0,0,0,0,0,0,0,,,,junior_card
11136,0,0,0,0,0,0,0,,,,junior_card
11250,0,0,0,0,0,0,0,,,,junior_card
11266,0,0,0,0,0,0,0,,,,junior_card
11267,0,0,0,0,0,0,0,,,,junior_card
11271,0,0,0,0,0,0,0,,,,junior_card
11286,0,0,0,0,0,0,0,,,,junior_card
11314,0,0,0,0,0,0,0,,,,junior_card
11327,0,0,0,0,0,0,0,,,,junior_card
11516,0,0,0,0,0,0,0,,,,junior_card
11517,0,0,0,0,0,0,0,,,,junior_card
11574,0,0,0,0,0,0,0,,,,junior_card
11676,0,0,0,0,0,0,0,,,,junior_card
11686,0,0,0,0,0,0,0,,,,junior_card
11687,0,0,0,0,0,0,0,,,,junior_card
11714,0,0,0,0,0,0,0,,,,junior_card
11804,0,0,0,0,0,0,0,,,,junior_card
11860,0,0,0,0,0,0,0,,,,junior_card
11866,0,0,0,0,0,0,0,,,,junior_card
11867,0,0,0,0,0,0,0,,,,junior_card
11886,0,0,0,0,0,0,0,,,,junior_card
11906,0,0,0,0,0,0,0,,,,junior_card
11907,0,0,0,0,0,0,0,,,,junior_card
11911,0,0,0,0,0,0,0,,,,junior_card
12051,0,0,0,0,0,0,0,,,,junior_card
12095,0,0,0,0,0,0,0,,,,junior_card
12344,0,0,0,0,0,0,0,,,,junior_card
12359,0,0,0,0,0,0,0,,,,junior_card
12586,0,0,0,0,0,0,0,,,,junior_card
12726,0,0,0,0,0,0,0,,,,junior_card
12756,0,0,0,0,0,0,0,,,,junior_card
12840,0,0,0,0,0,0,0,,,,junior_card
12844,0,0,0,0,0,0,0,,,,junior_card
12908,0,0,0,0,0,0,0,,,,junior_card
13102,0,0,0,0,0,0,0,,,,junior_card
13172,0,0,0,0,0,0,0,,,,junior_card
13261,0,0,0,0,0,0,0,,,,junior_card
13262,0,0,0,0,0,0,0,,,,junior_card
13285,0,0,0,0,0,0,0,,,,junior_card
13290,0,0,0,0,0,0,0,,,,junior_card
13291,0,0,0,0,0,0,0,,,,junior_card
13380,0,0,0,0,0,0,0,,,,junior_card
13603,0,0,0,0,0,0,0,,,,junior_card
13803,0,0,0,0,0,0,0,,,,junior_card
13820,0,0,0,0,0,0,0,,,,junior_card
13931,0,0,0,0,0,0,0,,,,junior_card
13955,0,0,0,0,0,0,0,,,,junior_card
13956,0,0,0,0,0,0,0,,,,junior_card
