client_id,birth_number,district_id
164,625404,70
170,465616,38
171,290625,51
200,285113,29
201,305819,17
208,405625,13
211,455628,66
215,670924,71
219,645402,60
237,695222,70
239,745910,1
248,696212,61
251,765303,54
257,426104,22
258,370531,22
265,335107,72
269,236203,15
271,455727,46
278,726227,22
297,245315,65
321,436024,47
322,330201,38
355,300531,49
357,790330,1
378,780515,50
385,480324,45
400,331227,1
405,346019,65
409,250618,74
412,440417,17
416,326007,1
425,480212,25
433,550207,62
438,380928,32
479,470820,11
490,501023,55
491,660805,63
494,800519,1
498,485115,74
512,655803,60
516,305427,1
523,221217,38
526,640201,43
528,770211,37
534,570722,74
536,390825,47
548,371204,49
550,611130,7
551,765705,47
563,615909,72
565,595703,64
586,471103,40
589,610917,45
590,490215,44
598,701231,1
604,655731,1
610,795810,74
625,786124,60
630,520303,61
637,706215,39
639,780802,31
647,290406,34
655,421210,32
667,815720,26
670,590121,1
678,335528,39
691,445113,38
695,550627,28
698,540227,75
699,225422,26
704,750501,54
706,480805,1
708,776127,50
731,795122,74
732,780705,74
742,516015,1
746,620416,52
749,335729,25
750,565929,70
762,370420,21
766,265703,1
776,535503,1
789,310921,4
798,405212,27
808,631128,31
811,400528,58
812,401206,39
818,660427,54
827,655904,10
840,370426,20
847,791225,49
859,685729,1
870,570506,70
872,630222,35
877,275121,5
898,435427,38
900,770410,73
901,191221,39
907,480311,51
910,610927,1
917,735916,25
925,590813,54
927,741026,1
943,360926,12
944,701218,39
949,760727,3
968,570217,69
970,570329,36
975,595712,1
979,661118,56
1007,380105,46
1008,560706,6
1010,550816,33
1013,730312,70
1025,640708,15
1029,545316,1
1034,746111,52
1045,476224,60
1049,421111,1
1067,520514,1
1070,381202,54
1071,250125,43
1076,795511,53
1083,371215,48
1100,510704,59
1114,800618,59
1115,205824,36
1117,766101,20
1118,691103,20
1121,390302,59
1124,280412,21
1131,476028,55
1132,480321,55
1136,765918,9
1137,775305,1
1178,716004,1
1197,666002,6
1204,746109,77
1207,395917,28
1208,755901,70
1210,611012,6
1214,401115,61
1215,440506,45
1216,455612,65
1220,536216,40
1226,515414,33
1227,551002,33
1229,710202,19
1245,790813,64
1253,675828,14
1276,425426,68
1279,560711,16
1280,520508,34
1307,530408,74
1314,755609,54
1316,466113,67
1322,455922,4
1333,490420,48
1341,625617,69
1343,395816,1
1349,685107,26
1360,460819,1
1365,385223,1
1369,781023,41
1376,580903,18
1383,821005,29
1395,411018,49
1403,445102,44
1406,486112,29
1424,520105,8
1429,275904,12
1434,670325,72
1441,316205,42
1443,350125,29
1447,525621,70
1463,365126,70
1467,240930,65
1475,320331,19
1489,280124,6
1526,355315,1
1542,191208,31
1557,596214,35
1566,666020,15
1572,636212,1
1582,340214,54
1584,625129,1
1589,516127,48
1605,805921,52
1616,380523,54
1617,505430,5
1618,796207,17
1620,360515,74
1631,760430,74
1633,725828,55
1660,826211,1
1662,670907,53
1663,570429,19
1666,410831,1
1673,720709,48
1677,465907,53
1690,475817,46
1697,645110,55
1699,550311,17
1722,331001,68
1728,465818,32
1730,321215,40
1733,745720,57
1734,751110,26
1746,595910,11
1748,761231,64
1763,671207,46
1764,710709,66
1770,516015,12
1781,240816,67
1782,481224,19
1783,466005,1
1785,751125,39
1788,500323,1
1789,335807,61
1790,530528,1
1796,381123,10
1799,590626,36
1812,475517,36
1820,286120,50
1824,600803,69
1827,415816,13
1838,596127,67
1839,366218,5
1861,570715,29
1865,495609,22
1869,335214,1
1903,395830,1
1911,385421,48
1915,390909,39
1920,750807,42
1926,355208,37
1929,555815,65
1934,336121,70
1935,295512,68
1938,395930,57
1949,420623,71
1952,715309,52
1954,520728,69
1959,201226,1
1963,450612,38
1964,310805,17
1967,636115,1
2000,425509,39
2008,400607,47
2012,230627,46
2020,256220,73
2045,560822,28
2046,525826,28
2059,720630,43
2070,725723,70
2073,560208,22
2074,615916,24
2083,430312,71
2084,295216,1
2090,701007,70
2091,285117,48
2096,745906,74
2097,361111,53
2099,180116,1
2101,350624,33
2111,245529,57
2113,370404,68
2115,145301,51
2134,171214,53
2144,605128,15
2155,580610,15
2158,810506,10
2164,411029,47
2165,455302,47
2166,475722,30
2172,295821,7
2173,516217,56
2178,390809,46
2179,396027,9
2182,296201,75
2187,330312,40
2192,565412,1
2198,205222,17
2199,111209,17
2222,345803,1
2240,325312,47
2243,800704,1
2248,751024,7
2261,561113,62
2264,430508,4
2271,641107,61
2275,655724,9
2279,531106,52
2281,785606,76
2283,610809,1
2290,545530,31
2305,495610,70
2318,235919,20
2325,555203,2
2330,486117,40
2340,530502,42
2364,715426,56
2382,276025,62
2388,710729,42
2392,550521,26
2405,750821,27
2413,610809,46
2421,701110,48
2423,570709,42
2427,346130,74
2452,525607,64
2454,405904,69
2455,191104,72
2491,395320,5
2492,431213,5
2497,625406,34
2514,570211,59
2515,580603,12
2520,440730,62
2522,370908,74
2526,640726,1
2558,590118,30
2565,460522,64
2567,430530,64
2577,180107,70
2587,735103,8
2588,580519,33
2606,430104,31
2613,771026,1
2616,700707,50
2619,695709,63
2623,655716,16
2626,400214,1
2639,505304,45
2642,730904,22
2646,375607,63
2650,750305,75
2666,355706,47
2679,380930,1
2681,715104,45
2688,676024,60
2698,706007,31
2699,770223,31
2700,450222,34
2705,240430,43
2707,690523,45
2712,560117,25
2738,510425,1
2741,306129,41
2743,396004,50
2762,535423,29
2765,815420,36
2768,640402,1
2777,705328,46
2815,300630,35
2830,741114,51
2836,195921,38
2845,520902,7
2848,390220,34
2850,700820,7
2856,231111,47
2858,265212,42
2865,481118,15
2880,521230,60
2885,656004,1
2887,615129,2
2889,431205,25
2890,511011,62
2891,575723,62
2894,485725,70
2895,775517,70
2900,230322,18
2901,395109,25
2903,591126,8
2912,255728,45
2923,775321,35
2930,410322,41
2932,405711,1
2935,445502,61
2937,490701,74
2940,651016,1
2941,510312,38
2944,435823,71
2948,781120,47
2955,520716,38
2964,781127,8
2966,550220,65
2969,230422,55
2972,760114,1
2975,435318,33
2983,670723,6
2990,385402,32
2991,410731,32
2998,610402,1
2999,795324,74
3009,575803,62
3029,700508,43
3030,765510,68
3031,655905,40
3041,275424,4
3051,280311,65
3061,656005,61
3066,825309,54
3069,431023,21
3076,626117,57
3079,430519,67
3084,515824,23
3088,500611,40
3096,820227,74
3098,380623,17
3103,735307,64
3112,390912,24
3115,611130,72
3121,566018,57
3124,585102,5
3126,380113,47
3132,755324,1
3140,590413,46
3141,256109,9
3147,645426,19
3158,406125,1
3164,620910,1
3172,511223,64
3176,370707,1
3186,555114,1
3199,576218,1
3205,215625,1
3220,570217,23
3230,825606,1
3231,610603,21
3240,376210,67
3242,375304,26
3245,521202,70
3246,310420,66
3259,501015,71
3260,425908,74
3266,601008,47
3273,180102,9
3278,625420,42
3282,810902,29
3291,470123,52
3292,400121,18
3294,570308,52
3296,690611,23
3298,425805,5
3311,540825,51
3315,340621,24
3316,476215,1
3322,480229,31
3323,815222,74
3328,661011,24
3333,495724,10
3347,360119,11
3348,785214,38
3352,190912,23
3354,436028,62
3360,765831,43
3371,196007,25
3382,540228,54
3399,320225,72
3404,406011,56
3417,855318,35
3420,790624,66
3426,780207,73
3435,455527,4
3439,670127,62
3446,571001,70
3451,740717,19
3452,755828,19
3457,235614,75
3463,795302,1
3468,336231,68
3469,755223,1
3472,465511,70
3479,335919,1
3486,620309,77
3487,590906,1
3489,660813,76
3499,690316,19
3509,655213,38
3512,460525,49
3515,755102,61
3527,780811,77
3528,706006,73
3530,715918,16
3533,636201,1
3539,200831,36
3541,345501,51
3556,271127,6
3560,440202,57
3562,310405,1
3564,480323,62
3573,725209,8
3582,550217,38
3585,686002,29
3609,556026,66
3610,190508,36
3611,725527,30
3628,275226,11
3632,435929,15
3636,780519,46
3637,590110,64
3638,436211,49
3640,780724,75
3649,596025,10
3653,175103,1
3657,210518,62
3664,510319,69
3668,726223,70
3680,235407,72
3693,220331,15
3701,545506,73
3705,655604,1
3708,585316,46
3710,280125,59
3713,445223,41
3719,300830,54
3747,641202,1
3757,220416,5
3762,595218,60
3779,490515,6
3781,755312,17
3783,685708,1
3784,741108,1
3786,200710,13
3798,546117,1
3804,335411,1
3833,350301,19
3842,760626,74
3843,425421,4
3849,326211,1
3850,575126,45
3851,611120,45
3881,475507,45
3884,631118,72
3906,361223,64
3919,420617,35
3929,571101,74
3933,465907,59
3942,520813,53
3947,670525,23
3948,795523,44
3955,605531,64
3958,465430,37
3960,640106,8
3975,545719,1
3978,701215,18
3981,790616,19
3984,645313,1
3988,745904,53
3990,730203,29
4004,575812,30
4012,566009,56
4026,455924,76
4032,645802,35
4037,666022,1
4057,225611,70
4061,781224,8
4065,420627,73
4069,590307,68
4072,410508,45
4081,780603,9
4103,650519,4
4109,530811,63
4121,230212,23
4137,490830,21
4147,721223,64
4149,790307,1
4169,805219,58
4178,260831,32
4188,760817,1
4195,450730,63
4202,705520,3
4210,790915,40
4217,515625,9
4221,415926,63
4223,700530,54
4231,595808,1
4238,715426,41
4245,190923,68
4260,670601,12
4273,766129,18
4276,735805,74
4288,465308,70
4292,520719,72
4298,200418,33
4301,565503,14
4310,255530,65
4321,736018,19
4328,765613,59
4338,441025,30
4346,735920,3
4348,785417,3
4355,386229,1
4365,610512,10
4367,820330,14
4369,650615,53
4371,681212,32
4373,511220,51
4381,590125,56
4382,801020,18
4385,726002,21
4397,731126,63
4399,676120,61
4405,595417,47
4411,500102,54
4412,526126,54
4416,701225,67
4420,570506,55
4427,401103,30
4428,540309,38
4430,385627,64
4433,680222,1
4441,436007,33
4445,645414,77
4449,491108,8
4461,575422,54
4494,521109,54
4506,546130,11
4514,401225,65
4523,520309,68
4529,760916,37
4532,531009,39
4546,515420,23
4547,436230,9
4549,206030,10
4561,685629,40
4574,666112,20
4580,446124,30
4591,330819,43
4594,401125,1
4610,665102,34
4615,510731,56
4617,771220,45
4633,806031,62
4642,605803,33
4668,385625,25
4683,560802,51
4689,630426,50
4690,625826,66
4711,550723,52
4714,110820,13
4724,736014,53
4727,706123,74
4728,701031,74
4733,550717,1
4745,485804,68
4748,280126,76
4751,730108,35
4752,391009,7
4753,345218,7
4755,545905,71
4756,505108,22
4759,800221,50
4774,510814,59
4790,460209,75
4793,465215,55
4802,710706,75
4804,305207,51
4808,816124,23
4811,715326,77
4815,700917,15
4826,776227,25
4836,521231,49
4853,390301,58
4904,615419,38
4915,630719,40
4930,810730,1
4956,461010,6
4994,780621,1
5010,505908,42
5056,575204,67
5137,790505,5
5138,745805,45
5149,621218,15
5164,711130,9
5214,760912,47
5215,736015,47
5217,405716,74
5237,770803,1
5247,430414,47
5253,466007,69
5287,710102,77
5321,500201,17
5404,765918,58
5413,460410,33
5433,750924,50
5460,611001,63
5473,685809,70
5478,451027,33
5487,475917,56
5539,350605,74
5579,510216,77
5618,535322,63
5684,555302,8
5736,530516,1
5965,510410,50
5978,445127,33
6001,370501,60
6183,631116,1
6185,485305,58
6186,520527,58
6363,736020,4
6408,560629,47
6473,405930,76
6501,701104,1
6610,540603,57
6616,530618,1
6750,460604,9
6753,620523,15
6803,806207,5
6829,636224,10
6944,700313,43
6967,531217,44
7011,615414,70
7100,615923,30
7241,575906,57
7311,490518,56
7325,750124,24
7567,370315,5
7632,480111,1
7787,510710,34
7815,465119,4
7862,651017,74
7864,351214,34
7959,785629,1
8013,420622,43
8359,791206,74
8571,351026,54
8611,481026,55
8615,395413,12
8636,416112,71
8661,545511,1
8666,715828,7
8670,435107,5
9250,630114,1
9316,586026,63
9428,650509,62
9451,420505,68
9457,780926,46
9593,685128,74
9880,706210,10
9933,411015,74
10066,635523,64
10077,730627,26
10199,795813,31
10201,851019,13
10276,761116,77
10703,435428,17
10997,725206,1
10998,671219,1
11034,720219,1
11050,575504,70
11131,570726,1
11274,690414,64
11275,635418,64
11372,610928,11
11381,795726,57
11497,595717,11
11545,665122,1
11638,545824,73
11662,720403,76
11755,455716,4
11976,396027,54
11977,440701,54
11978,711009,54
12181,610819,1
12358,430705,17
12376,590217,4
12432,650307,55
12547,636013,70
12695,790316,68
12730,645929,36
12859,765521,1
12991,470116,51
13051,650113,55
13201,370517,31
13246,425113,46
13260,775527,72
13276,770120,76
13490,695525,18
13690,630516,70
13694,765120,1
13751,790720,12
13912,751120,50
13921,706220,62
