"account_id","num_loans","loan_amount_total_usd","loan_amount_avg_usd","loan_duration_avg","loan_payment_avg_usd","first_loan_date","last_loan_date","loan_status","time","diff"
"4476","1","577.2959999999999","577.2959999999999","24.0","24.054","960925","960925","A","1763192081694","1"
"6699","1","4833.599999999999","4833.599999999999","48.0","100.7","970924","970924","C","1763192081694","1"
"37","1","12102.24","12102.24","60.0","201.704","981014","981014","D","1763192081694","1"
"9138","1","10344.36","10344.36","60.0","172.406","970603","970603","D","1763192081694","1"
"10807","1","2563.632","2563.632","12.0","213.636","970307","970307","A","1763192081694","1"
"303","1","4284.576","4284.576","36.0","119.01599999999999","980530","980530","C","1763192081694","1"
"9627","1","9285.984","9285.984","48.0","193.458","951122","951122","C","1763192081694","1"
"10065","1","11826.815999999999","11826.815999999999","48.0","246.392","970923","970923","C","1763192081694","1"
"9265","1","1503.888","1503.888","12.0","125.324","940711","940711","A","1763192081694","1"
"8547","1","6574.608","6574.608","36.0","182.628","960530","960530","C","1763192081694","1"
"7857","1","2588.256","2588.256","12.0","215.688","950118","950118","A","1763192081694","1"
"2246","1","15800.4","15800.4","60.0","263.34","970205","970205","C","1763192081694","1"
"6715","1","5239.44","5239.44","60.0","87.324","950114","950114","D","1763192081694","1"
"4907","1","3755.616","3755.616","48.0","78.242","960103","960103","C","1763192081694","1"
"11054","1","5658.96","5658.96","60.0","94.316","960820","960820","C","1763192081694","1"
"8268","1","327.408","327.408","24.0","13.642","970926","970926","C","1763192081694","1"
"1862","1","15052.56","15052.56","60.0","250.876","961016","961016","C","1763192081694","1"
"1083","1","1937.088","1937.088","36.0","53.808","980416","980416","C","1763192081694","1"
"9227","1","7280.04","7280.04","60.0","121.334","980429","980429","C","1763192081694","1"
"2051","1","11167.44","11167.44","60.0","186.124","970422","970422","D","1763192081694","1"
"9052","1","2735.0879999999997","2735.0879999999997","24.0","113.962","970226","970226","D","1763192081694","1"
"2322","1","1760.1599999999999","1760.1599999999999","24.0","73.34","960629","960629","A","1763192081694","1"
"10365","1","9904.32","9904.32","36.0","275.12","970104","970104","D","1763192081694","1"
"4794","1","17689.152","17689.152","48.0","368.524","971227","971227","D","1763192081694","1"
"1256","1","2700.432","2700.432","36.0","75.012","950529","950529","A","1763192081694","1"
"344","1","3837.24","3837.24","60.0","63.954","941221","941221","C","1763192081694","1"
"5591","1","8431.44","8431.44","60.0","140.524","970121","970121","C","1763192081694","1"
"9422","1","3274.9919999999997","3274.9919999999997","12.0","272.916","961029","961029","A","1763192081694","1"
"378","1","8755.199999999999","8755.199999999999","60.0","145.92","971011","971011","C","1763192081694","1"
"7049","1","18816.84","18816.84","60.0","313.614","980522","980522","C","1763192081694","1"
"226","1","4155.072","4155.072","12.0","346.256","980712","980712","C","1763192081694","1"
"1698","1","5394.023999999999","5394.023999999999","36.0","149.834","960706","960706","C","1763192081694","1"
"3115","1","12204.84","12204.84","60.0","203.414","961115","961115","C","1763192081694","1"
"1978","1","7797.599999999999","7797.599999999999","36.0","216.6","941204","941204","A","1763192081694","1"
"5269","1","4461.96","4461.96","60.0","74.366","970202","970202","C","1763192081694","1"
"8026","1","4874.184","4874.184","36.0","135.394","970909","970909","C","1763192081694","1"
"2762","1","4232.592","4232.592","24.0","176.358","940705","940705","A","1763192081694","1"
"7562","1","11764.8","11764.8","48.0","245.1","951231","951231","C","1763192081694","1"
"1886","1","6173.784","6173.784","36.0","171.494","960731","960731","C","1763192081694","1"
"97","1","3909.288","3909.288","12.0","325.774","970810","970810","A","1763192081694","1"
"3556","1","6643.92","6643.92","60.0","110.732","980922","980922","C","1763192081694","1"
"2699","1","8784.384","8784.384","48.0","183.00799999999998","980830","980830","C","1763192081694","1"
"8625","1","1797.552","1797.552","24.0","74.898","950410","950410","A","1763192081694","1"
"2143","1","2715.48","2715.48","36.0","75.42999999999999","960909","960909","C","1763192081694","1"
"7636","1","1610.5919999999999","1610.5919999999999","12.0","134.216","980126","980126","C","1763192081694","1"
"2247","1","2755.152","2755.152","24.0","114.798","970224","970224","C","1763192081694","1"
"9673","1","3351.6","3351.6","36.0","93.1","980912","980912","C","1763192081694","1"
"6118","1","10284.624","10284.624","36.0","285.68399999999997","950108","950108","B","1763192081694","1"
"5700","1","3939.8399999999997","3939.8399999999997","60.0","65.664","950316","950316","D","1763192081694","1"
"4462","1","2526.24","2526.24","24.0","105.25999999999999","960514","960514","B","1763192081694","1"
"4190","1","15419.64","15419.64","60.0","256.99399999999997","970828","970828","C","1763192081694","1"
"6061","1","195.624","195.624","12.0","16.302","980528","980528","C","1763192081694","1"
"9093","1","7193.4","7193.4","60.0","119.89","940803","940803","C","1763192081694","1"
"6400","1","2751.504","2751.504","24.0","114.646","960212","960212","B","1763192081694","1"
"7546","1","1594.176","1594.176","12.0","132.84799999999998","951102","951102","A","1763192081694","1"
"6495","1","3988.632","3988.632","12.0","332.38599999999997","980428","980428","C","1763192081694","1"
"1244","1","1364.3519999999999","1364.3519999999999","48.0","28.424","970228","970228","C","1763192081694","1"
"10345","1","1187.8799999999999","1187.8799999999999","12.0","98.99","980121","980121","C","1763192081694","1"
"1498","1","6299.639999999999","6299.639999999999","60.0","104.994","981007","981007","C","1763192081694","1"
"8094","1","8376.264","8376.264","36.0","232.674","970509","970509","C","1763192081694","1"
"10093","1","8804.448","8804.448","36.0","244.56799999999998","951020","951020","A","1763192081694","1"
"1071","1","9621.6","9621.6","60.0","160.35999999999999","940120","940120","C","1763192081694","1"
"4852","1","8105.4","8105.4","36.0","225.15","960304","960304","C","1763192081694","1"
"6097","1","995.904","995.904","36.0","27.663999999999998","971022","971022","C","1763192081694","1"
"4414","1","3694.5119999999997","3694.5119999999997","24.0","153.938","950223","950223","A","1763192081694","1"
"11021","1","6421.392","6421.392","24.0","267.558","950304","950304","B","1763192081694","1"
"8405","1","10116.36","10116.36","60.0","168.606","951014","951014","C","1763192081694","1"
"1993","1","2599.2","2599.2","12.0","216.6","950415","950415","B","1763192081694","1"
"1580","1","7381.728","7381.728","24.0","307.572","971127","971127","C","1763192081694","1"
"3804","1","2403.576","2403.576","12.0","200.298","960208","960208","A","1763192081694","1"
"7990","1","5508.48","5508.48","48.0","114.75999999999999","980423","980423","C","1763192081694","1"
"9504","1","12968.64","12968.64","60.0","216.144","970310","970310","C","1763192081694","1"
"7769","1","7451.04","7451.04","48.0","155.23","940522","940522","A","1763192081694","1"
"7485","1","3465.6","3465.6","24.0","144.4","940316","940316","A","1763192081694","1"
"6950","1","18075.84","18075.84","48.0","376.58","970212","970212","C","1763192081694","1"
"6688","1","872.784","872.784","36.0","24.244","961023","961023","C","1763192081694","1"
"6138","1","2569.104","2569.104","24.0","107.04599999999999","970730","970730","C","1763192081694","1"
"2419","1","3640.7039999999997","3640.7039999999997","12.0","303.392","950130","950130","A","1763192081694","1"
"9104","1","6539.04","6539.04","48.0","136.23","940807","940807","A","1763192081694","1"
"6922","1","5300.544","5300.544","24.0","220.856","981206","981206","C","1763192081694","1"
"8566","1","8748.36","8748.36","36.0","243.01","940929","940929","B","1763192081694","1"
"10915","1","5793.48","5793.48","60.0","96.55799999999999","980611","980611","C","1763192081694","1"
"2962","1","1187.424","1187.424","12.0","98.952","941221","941221","A","1763192081694","1"
"6289","1","3254.016","3254.016","48.0","67.792","960811","960811","C","1763192081694","1"
"10134","1","5181.9839999999995","5181.9839999999995","24.0","215.916","980111","980111","C","1763192081694","1"
"6461","1","5734.656","5734.656","36.0","159.296","970615","970615","C","1763192081694","1"
"3050","1","3150.048","3150.048","12.0","262.504","940902","940902","A","1763192081694","1"
"11079","1","3735.5519999999997","3735.5519999999997","12.0","311.296","970426","970426","A","1763192081694","1"
"7190","1","2407.68","2407.68","60.0","40.128","950606","950606","C","1763192081694","1"
"6358","1","10274.592","10274.592","48.0","214.054","960806","960806","C","1763192081694","1"
"8558","1","10957.68","10957.68","60.0","182.628","940614","940614","C","1763192081694","1"
"6738","1","1440.504","1440.504","12.0","120.042","951031","951031","A","1763192081694","1"
"3875","1","5849.568","5849.568","24.0","243.732","980210","980210","C","1763192081694","1"
"4746","1","7781.639999999999","7781.639999999999","60.0","129.694","970907","970907","C","1763192081694","1"
"9548","1","1754.6879999999999","1754.6879999999999","48.0","36.556","961115","961115","C","1763192081694","1"
"7966","1","17984.64","17984.64","60.0","299.74399999999997","970907","970907","D","1763192081694","1"
"6510","1","2925.696","2925.696","24.0","121.904","970506","970506","C","1763192081694","1"
"675","1","3885.12","3885.12","60.0","64.752","970401","970401","C","1763192081694","1"
"2496","1","6274.5599999999995","6274.5599999999995","60.0","104.576","960112","960112","C","1763192081694","1"
"5422","1","14017.44","14017.44","60.0","233.624","960603","960603","C","1763192081694","1"
"2933","1","10355.76","10355.76","60.0","172.596","940517","940517","C","1763192081694","1"
"2705","1","3567.7439999999997","3567.7439999999997","36.0","99.104","931208","931208","A","1763192081694","1"
"785","1","5931.648","5931.648","36.0","164.768","980212","980212","C","1763192081694","1"
"11327","1","1488.384","1488.384","24.0","62.016","980927","980927","C","1763192081694","1"
"3273","1","3591.456","3591.456","12.0","299.288","970921","970921","B","1763192081694","1"
"10478","1","10168.8","10168.8","48.0","211.85","980102","980102","C","1763192081694","1"
"5944","1","2991.36","2991.36","48.0","62.32","980618","980618","C","1763192081694","1"
"8680","1","3257.208","3257.208","36.0","90.478","960714","960714","C","1763192081694","1"
"8158","1","9071.208","9071.208","36.0","251.97799999999998","971101","971101","C","1763192081694","1"
"4467","1","3274.9919999999997","3274.9919999999997","36.0","90.972","980803","980803","C","1763192081694","1"
"4825","1","813.048","813.048","12.0","67.754","950818","950818","A","1763192081694","1"
"3354","1","189.24","189.24","12.0","15.77","940705","940705","A","1763192081694","1"
"5358","1","2596.92","2596.92","60.0","43.282","970124","970124","C","1763192081694","1"
"7819","1","791.616","791.616","48.0","16.492","950202","950202","C","1763192081694","1"
"10257","1","1436.856","1436.856","12.0","119.738","980902","980902","C","1763192081694","1"
"4894","1","4446.912","4446.912","24.0","185.28799999999998","931104","931104","A","1763192081694","1"
"7815","1","7208.447999999999","7208.447999999999","24.0","300.352","960101","960101","A","1763192081694","1"
"10954","1","711.36","711.36","60.0","11.856","970402","970402","C","1763192081694","1"
"1284","1","1995.456","1995.456","12.0","166.28799999999998","981205","981205","C","1763192081694","1"
"10266","1","2873.712","2873.712","24.0","119.738","931223","931223","B","1763192081694","1"
"5952","1","5367.12","5367.12","24.0","223.63","940930","940930","A","1763192081694","1"
"4260","1","9293.28","9293.28","60.0","154.888","940629","940629","C","1763192081694","1"
"4784","1","8339.328","8339.328","48.0","173.736","971124","971124","C","1763192081694","1"
"4127","1","3830.4","3830.4","24.0","159.6","970815","970815","D","1763192081694","1"
"5256","1","7370.784","7370.784","36.0","204.744","940510","940510","A","1763192081694","1"
"8225","1","1375.752","1375.752","12.0","114.646","980330","980330","D","1763192081694","1"
"6158","1","9420.96","9420.96","48.0","196.26999999999998","970208","970208","D","1763192081694","1"
"7274","1","1863.672","1863.672","12.0","155.30599999999998","980312","980312","C","1763192081694","1"
"9034","1","1449.624","1449.624","12.0","120.80199999999999","931216","931216","A","1763192081694","1"
"19","1","1150.488","1150.488","12.0","95.874","960429","960429","B","1763192081694","1"
"4354","1","12451.08","12451.08","60.0","207.518","981030","981030","C","1763192081694","1"
"8316","1","5121.7919999999995","5121.7919999999995","24.0","213.408","950319","950319","A","1763192081694","1"
"1250","1","6940.32","6940.32","48.0","144.59","961125","961125","C","1763192081694","1"
"2055","1","10307.88","10307.88","60.0","171.798","980719","980719","C","1763192081694","1"
"2912","1","14446.08","14446.08","60.0","240.768","960229","960229","C","1763192081694","1"
"10131","1","8184.744","8184.744","36.0","227.35399999999998","940502","940502","B","1763192081694","1"
"4473","1","3570.48","3570.48","60.0","59.507999999999996","970103","970103","C","1763192081694","1"
"6706","1","2464.68","2464.68","60.0","41.077999999999996","980712","980712","C","1763192081694","1"
"8038","1","1362.528","1362.528","24.0","56.772","980118","980118","C","1763192081694","1"
"2694","1","3482.016","3482.016","12.0","290.168","940308","940308","A","1763192081694","1"
"5317","1","3426.8399999999997","3426.8399999999997","36.0","95.19","970307","970307","C","1763192081694","1"
"8784","1","2825.3759999999997","2825.3759999999997","24.0","117.724","980428","980428","C","1763192081694","1"
"10762","1","2615.616","2615.616","36.0","72.65599999999999","960917","960917","C","1763192081694","1"
"8919","1","2891.9519999999998","2891.9519999999998","24.0","120.49799999999999","980608","980608","C","1763192081694","1"
"11135","1","6939.864","6939.864","36.0","192.774","940301","940301","A","1763192081694","1"
"8173","1","3052.92","3052.92","12.0","254.41","940520","940520","A","1763192081694","1"
"9859","1","11422.8","11422.8","60.0","190.38","970810","970810","C","1763192081694","1"
"2580","1","3394.92","3394.92","60.0","56.582","960802","960802","C","1763192081694","1"
"5072","1","12065.76","12065.76","60.0","201.096","970209","970209","C","1763192081694","1"
"3711","1","17517.239999999998","17517.239999999998","60.0","291.954","971105","971105","D","1763192081694","1"
"7445","1","2103.984","2103.984","24.0","87.666","940315","940315","A","1763192081694","1"
"915","1","11762.976","11762.976","48.0","245.06199999999998","950916","950916","C","1763192081694","1"
"1811","1","9099.48","9099.48","60.0","151.658","940623","940623","C","1763192081694","1"
"8519","1","2838.144","2838.144","12.0","236.512","940811","940811","A","1763192081694","1"
"9424","1","3177.864","3177.864","36.0","88.274","970826","970826","C","1763192081694","1"
"3161","1","1140.456","1140.456","12.0","95.038","980616","980616","C","1763192081694","1"
"3562","1","6648.48","6648.48","24.0","277.02","980524","980524","C","1763192081694","1"
"2106","1","3857.7599999999998","3857.7599999999998","12.0","321.48","961003","961003","A","1763192081694","1"
"10905","1","2170.56","2170.56","48.0","45.22","970823","970823","C","1763192081694","1"
"7957","1","1630.2","1630.2","12.0","135.85","970614","970614","A","1763192081694","1"
"10857","1","14651.279999999999","14651.279999999999","60.0","244.188","971130","971130","D","1763192081694","1"
"11013","1","10440.119999999999","10440.119999999999","60.0","174.002","930906","930906","A","1763192081694","1"
"7795","1","14140.56","14140.56","60.0","235.676","961029","961029","C","1763192081694","1"
"1407","1","4767.936","4767.936","24.0","198.664","980117","980117","C","1763192081694","1"
"8645","1","9154.199999999999","9154.199999999999","60.0","152.57","981208","981208","C","1763192081694","1"
"6397","1","6878.76","6878.76","60.0","114.646","960916","960916","C","1763192081694","1"
"7965","1","2715.48","2715.48","12.0","226.29","940930","940930","A","1763192081694","1"
"4616","1","2534.448","2534.448","24.0","105.602","980112","980112","C","1763192081694","1"
"7082","1","7378.08","7378.08","48.0","153.71","980208","980208","C","1763192081694","1"
"816","1","1847.712","1847.712","24.0","76.988","950108","950108","A","1763192081694","1"
"4851","1","5382.624","5382.624","24.0","224.27599999999998","960822","960822","A","1763192081694","1"
"940","1","10802.64","10802.64","60.0","180.04399999999998","960529","960529","C","1763192081694","1"
"1869","1","1441.872","1441.872","36.0","40.052","980129","980129","C","1763192081694","1"
"8772","1","3354.336","3354.336","48.0","69.882","970619","970619","C","1763192081694","1"
"7632","1","6477.023999999999","6477.023999999999","48.0","134.938","980108","980108","C","1763192081694","1"
"1528","1","7261.344","7261.344","48.0","151.278","970721","970721","C","1763192081694","1"
"6075","1","15502.176","15502.176","48.0","322.962","980106","980106","D","1763192081694","1"
"2720","1","3567.7439999999997","3567.7439999999997","36.0","99.104","980427","980427","C","1763192081694","1"
"9633","1","2259.024","2259.024","24.0","94.12599999999999","970630","970630","D","1763192081694","1"
"2872","1","10196.16","10196.16","60.0","169.936","970519","970519","C","1763192081694","1"
"2335","1","20565.6","20565.6","60.0","342.76","971112","971112","D","1763192081694","1"
"4052","1","4032.864","4032.864","36.0","112.024","971228","971228","C","1763192081694","1"
"1447","1","3803.04","3803.04","48.0","79.23","970603","970603","C","1763192081694","1"
"4774","1","17672.736","17672.736","48.0","368.182","950709","950709","C","1763192081694","1"
"9455","1","14240.88","14240.88","60.0","237.34799999999998","980207","980207","C","1763192081694","1"
"7181","1","1895.136","1895.136","12.0","157.928","980517","980517","C","1763192081694","1"
"10644","1","10258.632","10258.632","36.0","284.962","980618","980618","C","1763192081694","1"
"2334","1","1835.856","1835.856","24.0","76.494","970804","970804","C","1763192081694","1"
"8475","1","800.736","800.736","24.0","33.364","940121","940121","A","1763192081694","1"
"6678","1","11186.592","11186.592","48.0","233.054","970709","970709","C","1763192081694","1"
"7894","1","5819.472","5819.472","36.0","161.652","971021","971021","C","1763192081694","1"
"10812","1","5346.144","5346.144","48.0","111.378","980529","980529","C","1763192081694","1"
"7713","1","8376.72","8376.72","60.0","139.612","980225","980225","C","1763192081694","1"
"8639","1","7054.32","7054.32","60.0","117.572","980606","980606","C","1763192081694","1"
"8092","1","2131.7999999999997","2131.7999999999997","60.0","35.53","960220","960220","C","1763192081694","1"
"2986","1","942.096","942.096","24.0","39.254","971206","971206","C","1763192081694","1"
"8114","1","3773.4","3773.4","60.0","62.89","970815","970815","C","1763192081694","1"
"11362","1","4917.504","4917.504","24.0","204.896","961227","961227","A","1763192081694","1"
"3403","1","2729.16","2729.16","36.0","75.81","980627","980627","C","1763192081694","1"
"309","1","3467.424","3467.424","48.0","72.238","981125","981125","C","1763192081694","1"
"10148","1","839.952","839.952","12.0","69.996","980127","980127","C","1763192081694","1"
"2035","1","6700.464","6700.464","36.0","186.124","980125","980125","C","1763192081694","1"
"8742","1","1259.472","1259.472","12.0","104.956","970729","970729","A","1763192081694","1"
"5118","1","2022.816","2022.816","48.0","42.141999999999996","970504","970504","C","1763192081694","1"
"813","1","923.856","923.856","12.0","76.988","940511","940511","A","1763192081694","1"
"3752","1","705.432","705.432","12.0","58.786","950402","950402","A","1763192081694","1"
"8129","1","2839.968","2839.968","36.0","78.88799999999999","940730","940730","A","1763192081694","1"
"3353","1","5550.432","5550.432","24.0","231.268","970209","970209","C","1763192081694","1"
"1776","1","1641.6","1641.6","24.0","68.39999999999999","980527","980527","C","1763192081694","1"
"4727","1","4090.3199999999997","4090.3199999999997","24.0","170.43","950811","950811","A","1763192081694","1"
"2622","1","5181.072","5181.072","24.0","215.878","980521","980521","C","1763192081694","1"
"5066","1","2342.928","2342.928","24.0","97.622","960210","960210","B","1763192081694","1"
"8899","1","4762.92","4762.92","60.0","79.382","951225","951225","C","1763192081694","1"
"9156","1","6206.616","6206.616","36.0","172.406","981201","981201","C","1763192081694","1"
"2187","1","2031.936","2031.936","12.0","169.328","971104","971104","A","1763192081694","1"
"4033","1","3202.944","3202.944","48.0","66.728","970320","970320","C","1763192081694","1"
"5574","1","1695.864","1695.864","12.0","141.322","960410","960410","A","1763192081694","1"
"2279","1","11958.144","11958.144","48.0","249.128","980601","980601","C","1763192081694","1"
"9433","1","1696.32","1696.32","24.0","70.67999999999999","981005","981005","C","1763192081694","1"
"10630","1","7533.12","7533.12","24.0","313.88","950624","950624","A","1763192081694","1"
"8330","1","290.928","290.928","24.0","12.122","940330","940330","A","1763192081694","1"
"9199","1","1119.024","1119.024","12.0","93.252","960911","960911","B","1763192081694","1"
"4144","1","8093.088","8093.088","36.0","224.808","980621","980621","C","1763192081694","1"
"10911","1","4989.096","4989.096","36.0","138.58599999999998","940728","940728","A","1763192081694","1"
"10679","1","7516.704","7516.704","24.0","313.19599999999997","971002","971002","C","1763192081694","1"
"7844","1","3480.192","3480.192","24.0","145.008","940625","940625","A","1763192081694","1"
"7437","1","4207.968","4207.968","48.0","87.666","980419","980419","C","1763192081694","1"
"6555","1","8071.2","8071.2","36.0","224.2","940331","940331","A","1763192081694","1"
"10652","1","1737.36","1737.36","12.0","144.78","980507","980507","C","1763192081694","1"
"11069","1","4527.168","4527.168","48.0","94.316","970304","970304","C","1763192081694","1"
"11042","1","8251.776","8251.776","36.0","229.216","951204","951204","A","1763192081694","1"
"3608","1","6136.848","6136.848","36.0","170.468","960524","960524","C","1763192081694","1"
"1772","1","7705.9439999999995","7705.9439999999995","36.0","214.054","960313","960313","C","1763192081694","1"
"1888","1","2179.68","2179.68","12.0","181.64","970830","970830","B","1763192081694","1"
"4863","1","2891.04","2891.04","12.0","240.92","970318","970318","A","1763192081694","1"
"1801","1","6306.48","6306.48","36.0","175.18","930711","930711","A","1763192081694","1"
"3679","1","16904.832","16904.832","48.0","352.18399999999997","960723","960723","C","1763192081694","1"
"330","1","12600.192","12600.192","48.0","262.504","980712","980712","C","1763192081694","1"
"6930","1","985.872","985.872","24.0","41.077999999999996","940526","940526","A","1763192081694","1"
"2343","1","3774.768","3774.768","24.0","157.28199999999998","951104","951104","A","1763192081694","1"
"7859","1","2740.56","2740.56","12.0","228.38","961119","961119","A","1763192081694","1"
"7614","1","12182.496","12182.496","48.0","253.802","960518","960518","C","1763192081694","1"
"5628","1","8565.96","8565.96","60.0","142.766","950425","950425","C","1763192081694","1"
"8489","1","10082.16","10082.16","36.0","280.06","950623","950623","A","1763192081694","1"
"3230","1","2932.9919999999997","2932.9919999999997","36.0","81.472","961004","961004","C","1763192081694","1"
"6425","1","1393.992","1393.992","12.0","116.166","941220","941220","A","1763192081694","1"
"10351","1","3370.752","3370.752","48.0","70.224","970304","970304","C","1763192081694","1"
"8411","1","8383.56","8383.56","60.0","139.726","960506","960506","C","1763192081694","1"
"290","1","4700.448","4700.448","48.0","97.926","941103","941103","A","1763192081694","1"
"938","1","845.88","845.88","60.0","14.097999999999999","980521","980521","C","1763192081694","1"
"4576","1","11407.752","11407.752","36.0","316.882","940604","940604","A","1763192081694","1"
"1329","1","893.76","893.76","12.0","74.48","970906","970906","A","1763192081694","1"
"6686","1","4426.848","4426.848","24.0","184.452","971225","971225","C","1763192081694","1"
"9494","1","4439.616","4439.616","12.0","369.968","970209","970209","A","1763192081694","1"
"7045","1","10971.36","10971.36","48.0","228.57","970616","970616","C","1763192081694","1"
"2062","1","3274.9919999999997","3274.9919999999997","12.0","272.916","961029","961029","A","1763192081694","1"
"5837","1","6756.552","6756.552","36.0","187.682","970914","970914","C","1763192081694","1"
"8931","1","7079.4","7079.4","60.0","117.99","970130","970130","C","1763192081694","1"
"7240","1","5782.08","5782.08","60.0","96.368","980115","980115","C","1763192081694","1"
"7565","1","5833.152","5833.152","48.0","121.524","970817","970817","C","1763192081694","1"
"2116","1","3511.2","3511.2","12.0","292.59999999999997","970804","970804","A","1763192081694","1"
"5213","1","12197.088","12197.088","48.0","254.106","960425","960425","D","1763192081694","1"
"2824","1","1917.48","1917.48","60.0","31.958","940716","940716","C","1763192081694","1"
"873","1","6783.0","6783.0","60.0","113.05","980224","980224","C","1763192081694","1"
"8564","1","2913.84","2913.84","24.0","121.41","950311","950311","A","1763192081694","1"
"5622","1","3154.6079999999997","3154.6079999999997","12.0","262.884","941102","941102","A","1763192081694","1"
"2","1","3076.176","3076.176","24.0","128.174","940105","940105","A","1763192081694","1"
"2754","1","12740.64","12740.64","48.0","265.43","970504","970504","C","1763192081694","1"
"3637","1","533.064","533.064","12.0","44.422","970901","970901","A","1763192081694","1"
"8688","1","2583.24","2583.24","12.0","215.26999999999998","970320","970320","A","1763192081694","1"
"1843","1","4020.5519999999997","4020.5519999999997","36.0","111.682","930803","930803","A","1763192081694","1"
"4650","1","15276.0","15276.0","60.0","254.6","960825","960825","C","1763192081694","1"
"10711","1","918.84","918.84","60.0","15.314","971224","971224","C","1763192081694","1"
"5263","1","10499.4","10499.4","60.0","174.99","961112","961112","C","1763192081694","1"
"6030","1","1073.424","1073.424","24.0","44.726","950304","950304","A","1763192081694","1"
"10520","1","15868.8","15868.8","60.0","264.48","961205","961205","C","1763192081694","1"
"2352","1","1878.72","1878.72","60.0","31.311999999999998","960429","960429","C","1763192081694","1"
"440","1","3202.944","3202.944","48.0","66.728","980313","980313","C","1763192081694","1"
"2268","1","767.448","767.448","36.0","21.317999999999998","960718","960718","C","1763192081694","1"
"2982","1","1567.728","1567.728","12.0","130.644","980417","980417","C","1763192081694","1"
"6226","1","15148.32","15148.32","60.0","252.47199999999998","941220","941220","C","1763192081694","1"
"10728","1","5876.928","5876.928","48.0","122.43599999999999","960321","960321","C","1763192081694","1"
"11111","1","4109.472","4109.472","36.0","114.152","940131","940131","A","1763192081694","1"
"2753","1","2524.4159999999997","2524.4159999999997","24.0","105.184","970930","970930","C","1763192081694","1"
"2350","1","6070.272","6070.272","48.0","126.464","970511","970511","C","1763192081694","1"
"4660","1","4063.872","4063.872","24.0","169.328","970528","970528","C","1763192081694","1"
"7907","1","3700.8959999999997","3700.8959999999997","12.0","308.408","970831","970831","A","1763192081694","1"
"67","1","6306.48","6306.48","24.0","262.77","960502","960502","A","1763192081694","1"
"132","1","3360.72","3360.72","12.0","280.06","961106","961106","A","1763192081694","1"
"2988","1","3367.104","3367.104","12.0","280.592","980708","980708","C","1763192081694","1"
"2218","1","6917.5199999999995","6917.5199999999995","60.0","115.292","951118","951118","C","1763192081694","1"
"3629","1","6032.88","6032.88","60.0","100.548","950530","950530","C","1763192081694","1"
"6609","1","2285.928","2285.928","36.0","63.498","951112","951112","B","1763192081694","1"
"6792","1","652.992","652.992","12.0","54.416","970317","970317","A","1763192081694","1"
"3390","1","1544.0159999999998","1544.0159999999998","12.0","128.668","980311","980311","C","1763192081694","1"
"8039","1","3556.7999999999997","3556.7999999999997","24.0","148.2","961020","961020","A","1763192081694","1"
"1252","1","5629.32","5629.32","36.0","156.37","970401","970401","C","1763192081694","1"
"10411","1","4689.504","4689.504","24.0","195.396","961211","961211","A","1763192081694","1"
"7674","1","3590.544","3590.544","24.0","149.606","970321","970321","C","1763192081694","1"
"5033","1","433.2","433.2","12.0","36.1","960725","960725","A","1763192081694","1"
"5395","1","6010.992","6010.992","36.0","166.972","970905","970905","C","1763192081694","1"
"790","1","7908.864","7908.864","48.0","164.768","940724","940724","B","1763192081694","1"
"9031","1","1904.2559999999999","1904.2559999999999","24.0","79.344","970503","970503","C","1763192081694","1"
"6353","1","3036.96","3036.96","60.0","50.616","950212","950212","C","1763192081694","1"
"7824","1","7208.447999999999","7208.447999999999","24.0","300.352","940928","940928","B","1763192081694","1"
"4580","1","768.36","768.36","12.0","64.03","950805","950805","A","1763192081694","1"
"3953","1","2415.888","2415.888","12.0","201.32399999999998","980104","980104","C","1763192081694","1"
"5602","1","6745.152","6745.152","48.0","140.524","971228","971228","C","1763192081694","1"
"3942","1","4079.3759999999997","4079.3759999999997","36.0","113.316","971014","971014","C","1763192081694","1"
"9560","1","5968.584","5968.584","36.0","165.79399999999998","980315","980315","C","1763192081694","1"
"8377","1","15848.279999999999","15848.279999999999","60.0","264.138","950601","950601","C","1763192081694","1"
"9188","1","4829.04","4829.04","60.0","80.484","930728","930728","A","1763192081694","1"
"10942","1","11951.76","11951.76","60.0","199.196","951002","951002","C","1763192081694","1"
"25","1","1150.488","1150.488","12.0","95.874","971208","971208","A","1763192081694","1"
"11265","1","2005.944","2005.944","12.0","167.162","930915","930915","A","1763192081694","1"
"2445","1","11140.08","11140.08","60.0","185.668","971226","971226","C","1763192081694","1"
"9006","1","7082.592","7082.592","48.0","147.554","960608","960608","C","1763192081694","1"
"9153","1","1984.9679999999998","1984.9679999999998","36.0","55.138","980301","980301","C","1763192081694","1"
"4456","1","12207.119999999999","12207.119999999999","60.0","203.452","980209","980209","C","1763192081694","1"
"7606","1","7291.44","7291.44","60.0","121.524","951212","951212","C","1763192081694","1"
"6157","1","9420.96","9420.96","48.0","196.26999999999998","971228","971228","C","1763192081694","1"
"1247","1","3788.448","3788.448","48.0","78.926","950316","950316","D","1763192081694","1"
"4681","1","6179.7119999999995","6179.7119999999995","48.0","128.744","970315","970315","C","1763192081694","1"
"9677","1","1201.56","1201.56","60.0","20.026","970617","970617","C","1763192081694","1"
"4293","1","6239.447999999999","6239.447999999999","36.0","173.31799999999998","970522","970522","C","1763192081694","1"
"6649","1","3809.88","3809.88","60.0","63.498","970522","970522","C","1763192081694","1"
"38","1","4207.968","4207.968","48.0","87.666","980419","980419","C","1763192081694","1"
"4259","1","3026.016","3026.016","24.0","126.084","940827","940827","A","1763192081694","1"
"6265","1","3319.68","3319.68","24.0","138.32","970610","970610","C","1763192081694","1"
"5927","1","3314.208","3314.208","48.0","69.04599999999999","940606","940606","B","1763192081694","1"
"5001","1","4184.256","4184.256","24.0","174.344","961109","961109","A","1763192081694","1"
"10068","1","2956.7039999999997","2956.7039999999997","12.0","246.392","970728","970728","A","1763192081694","1"
"8260","1","8534.952","8534.952","36.0","237.082","940825","940825","A","1763192081694","1"
"11027","1","1827.648","1827.648","24.0","76.152","971023","971023","C","1763192081694","1"
"6505","1","1462.848","1462.848","12.0","121.904","981008","981008","C","1763192081694","1"
"4803","1","2247.168","2247.168","48.0","46.815999999999995","970225","970225","C","1763192081694","1"
"4533","1","3083.4719999999998","3083.4719999999998","36.0","85.652","980505","980505","C","1763192081694","1"
"9201","1","4653.936","4653.936","24.0","193.914","980205","980205","C","1763192081694","1"
"4448","1","7324.272","7324.272","36.0","203.452","941003","941003","A","1763192081694","1"
"9235","1","3164.64","3164.64","48.0","65.92999999999999","970313","970313","C","1763192081694","1"
"2000","1","11051.16","11051.16","60.0","184.186","980714","980714","C","1763192081694","1"
"1906","1","1708.176","1708.176","24.0","71.17399999999999","971008","971008","C","1763192081694","1"
"5428","1","6640.272","6640.272","24.0","276.678","930924","930924","B","1763192081694","1"
"6273","1","3319.68","3319.68","24.0","138.32","940607","940607","A","1763192081694","1"
"3084","1","9633.456","9633.456","36.0","267.596","960828","960828","D","1763192081694","1"
"8523","1","3535.368","3535.368","12.0","294.614","980215","980215","C","1763192081694","1"
"5735","1","11046.6","11046.6","60.0","184.10999999999999","960221","960221","D","1763192081694","1"
"10215","1","1683.552","1683.552","24.0","70.148","970220","970220","C","1763192081694","1"
"2361","1","5953.536","5953.536","36.0","165.376","950401","950401","A","1763192081694","1"
"2245","1","13222.176","13222.176","48.0","275.462","950116","950116","C","1763192081694","1"
"6472","1","1640.232","1640.232","12.0","136.686","950206","950206","A","1763192081694","1"
"3862","1","2846.808","2846.808","36.0","79.078","980918","980918","C","1763192081694","1"
"10079","1","6349.8","6349.8","60.0","105.83","940406","940406","C","1763192081694","1"
"4081","1","5240.352","5240.352","24.0","218.34799999999998","951128","951128","B","1763192081694","1"
"10445","1","889.656","889.656","12.0","74.138","980122","980122","C","1763192081694","1"
"4858","1","12736.992","12736.992","48.0","265.354","980727","980727","D","1763192081694","1"
"2165","1","2986.7999999999997","2986.7999999999997","24.0","124.45","970822","970822","C","1763192081694","1"
"9024","1","2684.928","2684.928","48.0","55.936","961004","961004","C","1763192081694","1"
"9491","1","8569.152","8569.152","48.0","178.524","980625","980625","C","1763192081694","1"
"10364","1","833.112","833.112","36.0","23.142","931110","931110","A","1763192081694","1"
"442","1","13597.92","13597.92","48.0","283.29","970710","970710","D","1763192081694","1"
"7594","1","4957.632","4957.632","48.0","103.28399999999999","971211","971211","C","1763192081694","1"
"4626","1","1267.224","1267.224","12.0","105.602","970618","970618","A","1763192081694","1"
"4995","1","4901.544","4901.544","36.0","136.154","960203","960203","D","1763192081694","1"
"7099","1","8904.768","8904.768","48.0","185.516","980610","980610","C","1763192081694","1"
"9591","1","3979.056","3979.056","24.0","165.79399999999998","950411","950411","A","1763192081694","1"
"4320","1","1951.68","1951.68","12.0","162.64","970809","970809","B","1763192081694","1"
"5724","1","8837.28","8837.28","48.0","184.10999999999999","970108","970108","C","1763192081694","1"
"5774","1","1184.6879999999999","1184.6879999999999","24.0","49.362","951128","951128","A","1763192081694","1"
"2516","1","17731.104","17731.104","48.0","369.39799999999997","970613","970613","C","1763192081694","1"
"5215","1","555.864","555.864","12.0","46.321999999999996","940804","940804","A","1763192081694","1"
"11096","1","8105.4","8105.4","60.0","135.09","970609","970609","C","1763192081694","1"
"7133","1","1849.536","1849.536","36.0","51.376","941106","941106","A","1763192081694","1"
"10439","1","5759.28","5759.28","24.0","239.97","940603","940603","A","1763192081694","1"
"6034","1","17651.76","17651.76","60.0","294.19599999999997","931201","931201","B","1763192081694","1"
"8051","1","7916.16","7916.16","48.0","164.92","940601","940601","A","1763192081694","1"
"3143","1","4974.048","4974.048","24.0","207.25199999999998","980515","980515","C","1763192081694","1"
"6856","1","4725.072","4725.072","36.0","131.252","970430","970430","C","1763192081694","1"
"4268","1","1595.5439999999999","1595.5439999999999","12.0","132.962","981104","981104","C","1763192081694","1"
"9631","1","2259.024","2259.024","24.0","94.12599999999999","971109","971109","C","1763192081694","1"
"5891","1","2476.9919999999997","2476.9919999999997","12.0","206.416","940418","940418","A","1763192081694","1"
"4413","1","8408.64","8408.64","48.0","175.18","950208","950208","C","1763192081694","1"
"3967","1","3214.7999999999997","3214.7999999999997","36.0","89.3","970329","970329","D","1763192081694","1"
"3005","1","14820.0","14820.0","48.0","308.75","980605","980605","C","1763192081694","1"
"9241","1","10839.119999999999","10839.119999999999","60.0","180.652","970619","970619","C","1763192081694","1"
"9037","1","12233.568","12233.568","48.0","254.86599999999999","980915","980915","C","1763192081694","1"
"1318","1","7050.672","7050.672","36.0","195.852","981011","981011","C","1763192081694","1"
"7262","1","2783.88","2783.88","60.0","46.397999999999996","970210","970210","C","1763192081694","1"
"9140","1","609.216","609.216","48.0","12.692","981110","981110","C","1763192081694","1"
"1583","1","14763.456","14763.456","48.0","307.572","960824","960824","D","1763192081694","1"
"11244","1","5918.88","5918.88","24.0","246.62","971211","971211","C","1763192081694","1"
"7733","1","5322.432","5322.432","24.0","221.768","980512","980512","C","1763192081694","1"
"4585","1","2456.928","2456.928","48.0","51.186","961010","961010","C","1763192081694","1"
"8713","1","6486.599999999999","6486.599999999999","60.0","108.11","980724","980724","C","1763192081694","1"
"9640","1","2903.808","2903.808","24.0","120.99199999999999","950111","950111","A","1763192081694","1"
"3664","1","10320.192","10320.192","48.0","215.004","970920","970920","C","1763192081694","1"
"1603","1","2999.5679999999998","2999.5679999999998","12.0","249.964","940206","940206","A","1763192081694","1"
"3834","1","875.976","875.976","12.0","72.998","940928","940928","A","1763192081694","1"
"319","1","14022.0","14022.0","60.0","233.7","970711","970711","C","1763192081694","1"
"8073","1","1874.1599999999999","1874.1599999999999","12.0","156.18","940217","940217","B","1763192081694","1"
"9513","1","696.312","696.312","12.0","58.025999999999996","970716","970716","A","1763192081694","1"
"472","1","7478.4","7478.4","24.0","311.59999999999997","970428","970428","D","1763192081694","1"
"8381","1","12678.624","12678.624","48.0","264.138","970725","970725","D","1763192081694","1"
"2413","1","682.1759999999999","682.1759999999999","12.0","56.848","981006","981006","C","1763192081694","1"
"8169","1","3723.24","3723.24","60.0","62.053999999999995","970812","970812","C","1763192081694","1"
"9928","1","3394.92","3394.92","60.0","56.582","960802","960802","C","1763192081694","1"
"9167","1","10344.36","10344.36","60.0","172.406","980307","980307","C","1763192081694","1"
"2134","1","871.4159999999999","871.4159999999999","36.0","24.206","970317","970317","C","1763192081694","1"
"3455","1","2563.632","2563.632","12.0","213.636","970307","970307","A","1763192081694","1"
"5228","1","6604.704","6604.704","24.0","275.19599999999997","940711","940711","A","1763192081694","1"
"9833","1","3710.016","3710.016","12.0","309.168","940521","940521","A","1763192081694","1"
"11328","1","10656.72","10656.72","60.0","177.612","980718","980718","C","1763192081694","1"
"10940","1","7514.424","7514.424","36.0","208.734","940223","940223","A","1763192081694","1"
"2064","1","3177.864","3177.864","36.0","88.274","970826","970826","C","1763192081694","1"
"7454","1","2405.8559999999998","2405.8559999999998","48.0","50.122","940526","940526","A","1763192081694","1"
"9208","1","3120.864","3120.864","24.0","130.036","981012","981012","C","1763192081694","1"
"6902","1","1874.1599999999999","1874.1599999999999","36.0","52.059999999999995","971221","971221","C","1763192081694","1"
"2142","1","886.4639999999999","886.4639999999999","12.0","73.872","980307","980307","C","1763192081694","1"
"4415","1","2813.52","2813.52","12.0","234.46","970401","970401","A","1763192081694","1"
"9656","1","5302.3679999999995","5302.3679999999995","24.0","220.932","950613","950613","A","1763192081694","1"
"1819","1","5459.688","5459.688","36.0","151.658","980111","980111","C","1763192081694","1"
"9353","1","7167.407999999999","7167.407999999999","24.0","298.642","970608","970608","C","1763192081694","1"
"5313","1","11425.08","11425.08","60.0","190.418","940227","940227","C","1763192081694","1"
"5442","1","6640.272","6640.272","24.0","276.678","940617","940617","B","1763192081694","1"
"349","1","1627.008","1627.008","12.0","135.584","980909","980909","C","1763192081694","1"
"5133","1","2168.2799999999997","2168.2799999999997","12.0","180.69","980127","980127","C","1763192081694","1"
"1270","1","2841.336","2841.336","36.0","78.926","970701","970701","C","1763192081694","1"
"8327","1","9413.664","9413.664","48.0","196.118","960310","960310","C","1763192081694","1"
"3037","1","10559.592","10559.592","36.0","293.322","960418","960418","D","1763192081694","1"
"7926","1","3196.56","3196.56","24.0","133.19","960922","960922","A","1763192081694","1"
"3747","1","2902.44","2902.44","12.0","241.87","950102","950102","A","1763192081694","1"
"1389","1","4767.936","4767.936","24.0","198.664","980902","980902","C","1763192081694","1"
"10019","1","7407.72","7407.72","36.0","205.76999999999998","960925","960925","C","1763192081694","1"
"7424","1","1150.488","1150.488","12.0","95.874","971208","971208","A","1763192081694","1"
"6363","1","665.304","665.304","12.0","55.442","941025","941025","A","1763192081694","1"
"525","1","7994.592","7994.592","48.0","166.554","970716","970716","C","1763192081694","1"
"11186","1","14913.48","14913.48","60.0","248.558","961002","961002","C","1763192081694","1"
"7418","1","1150.488","1150.488","12.0","95.874","960429","960429","B","1763192081694","1"
"5181","1","15166.56","15166.56","60.0","252.77599999999998","970428","970428","C","1763192081694","1"
"4994","1","9820.872","9820.872","36.0","272.802","960803","960803","C","1763192081694","1"
"10650","1","7456.512","7456.512","48.0","155.344","980224","980224","C","1763192081694","1"
"2345","1","7587.84","7587.84","60.0","126.464","941211","941211","C","1763192081694","1"
"7542","1","22451.16","22451.16","60.0","374.186","971019","971019","C","1763192081694","1"
"1242","1","4884.672","4884.672","24.0","203.528","970907","970907","C","1763192081694","1"
"10243","1","4310.568","4310.568","36.0","119.738","980922","980922","C","1763192081694","1"
"825","1","2016.888","2016.888","12.0","168.07399999999998","970202","970202","A","1763192081694","1"
"347","1","7114.512","7114.512","24.0","296.438","950501","950501","B","1763192081694","1"
"1480","1","4685.4","4685.4","36.0","130.15","980119","980119","C","1763192081694","1"
"4079","1","6041.088","6041.088","48.0","125.856","950405","950405","C","1763192081694","1"
"9869","1","12599.279999999999","12599.279999999999","60.0","209.988","950315","950315","C","1763192081694","1"
"314","1","2539.92","2539.92","24.0","105.83","970503","970503","C","1763192081694","1"
"817","1","20463.0","20463.0","60.0","341.05","950217","950217","C","1763192081694","1"
"4337","1","1953.504","1953.504","24.0","81.396","941208","941208","A","1763192081694","1"
"110","1","6177.888","6177.888","36.0","171.608","970908","970908","C","1763192081694","1"
"10005","1","8008.272","8008.272","36.0","222.452","980729","980729","C","1763192081694","1"
"8320","1","11767.08","11767.08","60.0","196.118","970604","970604","C","1763192081694","1"
"10361","1","3301.44","3301.44","12.0","275.12","970602","970602","A","1763192081694","1"
"10884","1","4314.672","4314.672","36.0","119.852","960213","960213","C","1763192081694","1"
"1876","1","7943.5199999999995","7943.5199999999995","24.0","330.98","980910","980910","C","1763192081694","1"
"5283","1","6491.616","6491.616","48.0","135.242","980909","980909","C","1763192081694","1"
"2018","1","1463.76","1463.76","12.0","121.98","970121","970121","A","1763192081694","1"
"1762","1","9429.624","9429.624","36.0","261.93399999999997","950428","950428","A","1763192081694","1"
"9583","1","3979.056","3979.056","24.0","165.79399999999998","951212","951212","A","1763192081694","1"
"8533","1","6613.824","6613.824","48.0","137.78799999999998","960919","960919","C","1763192081694","1"
"9510","1","8674.488","8674.488","36.0","240.958","961122","961122","C","1763192081694","1"
"6434","1","4185.168","4185.168","24.0","174.382","961111","961111","A","1763192081694","1"
"2936","1","19152.0","19152.0","60.0","319.2","980120","980120","C","1763192081694","1"
"7559","1","486.096","486.096","12.0","40.507999999999996","980711","980711","C","1763192081694","1"
"960","1","7184.28","7184.28","60.0","119.738","950524","950524","C","1763192081694","1"
"105","1","13402.752","13402.752","48.0","279.224","981205","981205","C","1763192081694","1"
"10789","1","1739.184","1739.184","12.0","144.932","971209","971209","A","1763192081694","1"
"5912","1","7015.5599999999995","7015.5599999999995","60.0","116.926","980623","980623","C","1763192081694","1"
"4099","1","1590.528","1590.528","48.0","33.135999999999996","970731","970731","C","1763192081694","1"
"9263","1","1503.888","1503.888","12.0","125.324","970508","970508","A","1763192081694","1"
"103","1","10082.16","10082.16","36.0","280.06","971206","971206","D","1763192081694","1"
"1766","1","1142.28","1142.28","60.0","19.038","960615","960615","C","1763192081694","1"
"11349","1","15955.44","15955.44","60.0","265.924","951029","951029","C","1763192081694","1"
"9225","1","6241.728","6241.728","48.0","130.036","970413","970413","C","1763192081694","1"
"6040","1","445.96799999999996","445.96799999999996","24.0","18.582","941002","941002","A","1763192081694","1"
"9179","1","8171.5199999999995","8171.5199999999995","60.0","136.192","980228","980228","C","1763192081694","1"
"11271","1","2558.16","2558.16","36.0","71.06","970131","970131","C","1763192081694","1"
"1068","1","9621.6","9621.6","60.0","160.35999999999999","980924","980924","C","1763192081694","1"
"5541","1","1240.32","1240.32","48.0","25.84","960718","960718","C","1763192081694","1"
"718","1","2923.872","2923.872","12.0","243.656","970820","970820","A","1763192081694","1"
"6440","1","1313.7359999999999","1313.7359999999999","12.0","109.478","970617","970617","A","1763192081694","1"
"5196","1","3033.312","3033.312","12.0","252.77599999999998","971228","971228","A","1763192081694","1"
"1527","1","6233.976","6233.976","36.0","173.166","941119","941119","B","1763192081694","1"
"3418","1","7876.032","7876.032","48.0","164.084","970610","970610","C","1763192081694","1"
"7861","1","830.376","830.376","36.0","23.066","951008","951008","A","1763192081694","1"
"11359","1","2052.912","2052.912","12.0","171.076","960806","960806","A","1763192081694","1"
"9790","1","5090.784","5090.784","48.0","106.05799999999999","960727","960727","C","1763192081694","1"
"4948","1","13670.88","13670.88","60.0","227.84799999999998","961115","961115","C","1763192081694","1"
"8982","1","8659.44","8659.44","36.0","240.54","941012","941012","A","1763192081694","1"
"5385","1","5674.92","5674.92","60.0","94.582","940407","940407","C","1763192081694","1"
"7123","1","1786.608","1786.608","12.0","148.884","931209","931209","A","1763192081694","1"
"8027","1","2950.3199999999997","2950.3199999999997","12.0","245.85999999999999","940605","940605","A","1763192081694","1"
"4423","1","2805.768","2805.768","36.0","77.938","951031","951031","A","1763192081694","1"
"9030","1","5913.407999999999","5913.407999999999","48.0","123.196","961212","961212","C","1763192081694","1"
"4427","1","3337.008","3337.008","12.0","278.084","940926","940926","A","1763192081694","1"
"3166","1","6754.272","6754.272","48.0","140.714","950103","950103","D","1763192081694","1"
"7745","1","2946.672","2946.672","36.0","81.852","971220","971220","C","1763192081694","1"
"1808","1","14652.192","14652.192","48.0","305.254","980930","980930","C","1763192081694","1"
"8085","1","9895.199999999999","9895.199999999999","60.0","164.92","971017","971017","D","1763192081694","1"
"8505","1","1627.92","1627.92","12.0","135.66","971210","971210","A","1763192081694","1"
"10280","1","13228.56","13228.56","60.0","220.476","971231","971231","C","1763192081694","1"
"10493","1","5084.4","5084.4","24.0","211.85","980218","980218","C","1763192081694","1"
"3112","1","4682.208","4682.208","48.0","97.54599999999999","960224","960224","C","1763192081694","1"
"3137","1","9635.28","9635.28","60.0","160.588","980921","980921","C","1763192081694","1"
"11231","1","3392.64","3392.64","12.0","282.71999999999997","971024","971024","A","1763192081694","1"
"3906","1","12715.56","12715.56","60.0","211.926","980308","980308","C","1763192081694","1"
"4342","1","3804.864","3804.864","24.0","158.536","971209","971209","C","1763192081694","1"
"5698","1","3770.208","3770.208","36.0","104.728","981121","981121","C","1763192081694","1"
"5445","1","2990.448","2990.448","36.0","83.068","971001","971001","C","1763192081694","1"
"3907","1","5086.224","5086.224","24.0","211.926","980316","980316","C","1763192081694","1"
"501","1","9993.24","9993.24","60.0","166.554","961024","961024","C","1763192081694","1"
"173","1","3982.7039999999997","3982.7039999999997","12.0","331.892","940531","940531","A","1763192081694","1"
"9828","1","4810.8","4810.8","24.0","200.45","950413","950413","A","1763192081694","1"
"10436","1","2067.048","2067.048","36.0","57.418","960928","960928","C","1763192081694","1"
"3460","1","5346.144","5346.144","48.0","111.378","980529","980529","C","1763192081694","1"
"7401","1","3076.176","3076.176","24.0","128.174","940105","940105","A","1763192081694","1"
"2236","1","5299.632","5299.632","36.0","147.212","960926","960926","D","1763192081694","1"
"9750","1","5765.664","5765.664","48.0","120.118","950211","950211","D","1763192081694","1"
"2262","1","8748.36","8748.36","36.0","243.01","981202","981202","C","1763192081694","1"
"5164","1","849.528","849.528","36.0","23.598","980323","980323","C","1763192081694","1"
"9017","1","3808.5119999999997","3808.5119999999997","48.0","79.344","960326","960326","D","1763192081694","1"
"6701","1","3625.2","3625.2","36.0","100.7","931208","931208","A","1763192081694","1"
"7721","1","1727.328","1727.328","12.0","143.944","980528","980528","C","1763192081694","1"
"8261","1","3337.92","3337.92","24.0","139.07999999999998","930913","930913","A","1763192081694","1"
"339","1","17786.28","17786.28","60.0","296.438","971225","971225","C","1763192081694","1"
"9307","1","1592.3519999999999","1592.3519999999999","12.0","132.696","940919","940919","A","1763192081694","1"
"1638","1","2440.5119999999997","2440.5119999999997","24.0","101.688","980126","980126","C","1763192081694","1"
"5794","1","4696.8","4696.8","60.0","78.28","960506","960506","C","1763192081694","1"
"9646","1","10604.735999999999","10604.735999999999","48.0","220.932","980402","980402","C","1763192081694","1"
"9814","1","3654.384","3654.384","12.0","304.532","960926","960926","A","1763192081694","1"
"276","1","6114.96","6114.96","36.0","169.85999999999999","981202","981202","C","1763192081694","1"
"10404","1","7382.639999999999","7382.639999999999","60.0","123.044","980301","980301","C","1763192081694","1"
"2994","1","1852.272","1852.272","36.0","51.452","960914","960914","C","1763192081694","1"
"6148","1","2270.88","2270.88","24.0","94.62","941104","941104","A","1763192081694","1"
"9645","1","6693.624","6693.624","36.0","185.934","960606","960606","C","1763192081694","1"
"1166","1","5663.5199999999995","5663.5199999999995","48.0","117.99","940207","940207","A","1763192081694","1"
"10645","1","7916.616","7916.616","36.0","219.906","980705","980705","C","1763192081694","1"
"10297","1","15998.304","15998.304","48.0","333.298","961118","961118","C","1763192081694","1"
"846","1","7109.952","7109.952","24.0","296.248","960728","960728","A","1763192081694","1"
"8159","1","1131.792","1131.792","24.0","47.158","950613","950613","A","1763192081694","1"
"3189","1","8442.84","8442.84","60.0","140.714","961215","961215","D","1763192081694","1"
"8776","1","1291.392","1291.392","48.0","26.904","950826","950826","C","1763192081694","1"
"3329","1","731.424","731.424","12.0","60.952","971208","971208","A","1763192081694","1"
"10963","1","4400.856","4400.856","36.0","122.246","961225","961225","C","1763192081694","1"
"6985","1","3677.1839999999997","3677.1839999999997","36.0","102.14399999999999","960725","960725","C","1763192081694","1"
"3859","1","11673.6","11673.6","60.0","194.56","970502","970502","D","1763192081694","1"
"8492","1","3262.68","3262.68","60.0","54.378","950903","950903","C","1763192081694","1"
"9403","1","4593.744","4593.744","36.0","127.604","940805","940805","A","1763192081694","1"
"1106","1","7316.976","7316.976","24.0","304.87399999999997","941112","941112","B","1763192081694","1"
"7765","1","1063.392","1063.392","12.0","88.616","951211","951211","A","1763192081694","1"
"4725","1","6394.032","6394.032","36.0","177.612","971104","971104","C","1763192081694","1"
"5270","1","3025.104","3025.104","24.0","126.04599999999999","931122","931122","A","1763192081694","1"
"10663","1","9881.064","9881.064","36.0","274.474","951028","951028","A","1763192081694","1"
"4999","1","6276.384","6276.384","36.0","174.344","970518","970518","C","1763192081694","1"
"1928","1","2114.016","2114.016","24.0","88.084","981206","981206","C","1763192081694","1"
"7052","1","2430.936","2430.936","36.0","67.526","971109","971109","D","1763192081694","1"
"6083","1","13712.832","13712.832","48.0","285.68399999999997","970928","970928","D","1763192081694","1"
"2176","1","11365.344","11365.344","36.0","315.704","940730","940730","B","1763192081694","1"
"10440","1","2280.0","2280.0","60.0","38.0","950703","950703","C","1763192081694","1"
"9493","1","7170.144","7170.144","48.0","149.378","950909","950909","C","1763192081694","1"
"10063","1","8870.112","8870.112","36.0","246.392","970624","970624","C","1763192081694","1"
"2545","1","16293.792","16293.792","48.0","339.454","980213","980213","C","1763192081694","1"
"5180","1","2233.032","2233.032","12.0","186.08599999999998","980716","980716","C","1763192081694","1"
"1093","1","14633.952","14633.952","48.0","304.87399999999997","970613","970613","C","1763192081694","1"
"8321","1","3383.52","3383.52","60.0","56.391999999999996","940509","940509","C","1763192081694","1"
"7607","1","1205.664","1205.664","24.0","50.236","950327","950327","A","1763192081694","1"
"10202","1","11606.112","11606.112","48.0","241.79399999999998","970619","970619","C","1763192081694","1"
"2910","1","16623.48","16623.48","60.0","277.058","980829","980829","C","1763192081694","1"
"11065","1","2635.68","2635.68","48.0","54.91","940612","940612","A","1763192081694","1"
"7890","1","3015.072","3015.072","48.0","62.814","971014","971014","C","1763192081694","1"
"4447","1","7324.272","7324.272","36.0","203.452","961031","961031","C","1763192081694","1"
"3916","1","3685.392","3685.392","36.0","102.372","980712","980712","C","1763192081694","1"
"4618","1","2534.448","2534.448","24.0","105.602","970317","970317","D","1763192081694","1"
"4981","1","6814.464","6814.464","48.0","141.968","961128","961128","C","1763192081694","1"
"10233","1","9088.08","9088.08","60.0","151.468","970503","970503","C","1763192081694","1"
"8127","1","5923.44","5923.44","24.0","246.81","960715","960715","A","1763192081694","1"
"5120","1","12291.936","12291.936","48.0","256.082","940810","940810","A","1763192081694","1"
"2486","1","931.608","931.608","12.0","77.634","940110","940110","A","1763192081694","1"
"10001","1","723.672","723.672","36.0","20.102","960711","960711","C","1763192081694","1"
"10022","1","8286.432","8286.432","48.0","172.634","980103","980103","C","1763192081694","1"
"5572","1","5353.44","5353.44","60.0","89.224","980419","980419","C","1763192081694","1"
"5742","1","8837.28","8837.28","48.0","184.10999999999999","951216","951216","C","1763192081694","1"
