client_id,birth_number,district_id,num_accounts,frequency,total_transactions,num_incoming,num_outgoing,total_incoming,total_outgoing,avg_incoming,avg_outgoing,median_incoming,median_outgoing,std_incoming,std_outgoing,max_incoming,max_outgoing,min_incoming,min_outgoing,balance_min,balance_max,balance_mean,balance_median,balance_std,unique_k_symbols,unique_operations,unique_banks,first_transaction_date,last_transaction_date,transaction_span_days,net_cashflow,incoming_outgoing_ratio,avg_transaction_amount,transaction_frequency,balance_volatility,incoming_volatility,outgoing_volatility,max_to_avg_incoming_ratio,max_to_avg_outgoing_ratio,trans_id,account_id,num_loans,loan_amount_total_usd,loan_amount_avg_usd,loan_amount_max_usd,loan_amount_min_usd,loan_duration_avg,loan_duration_max,loan_duration_min,loan_payment_avg_usd,loan_payment_max_usd,loan_payment_min_usd,loan_status_all,loan_id,first_loan_date,last_loan_date,car_loan,personal_loan,home_loan,business_loan,num_orders,avg_order_amount_usd,total_order_amount_usd,max_order_amount_usd,min_order_amount_usd,std_order_amount_usd,unique_banks_orders,unique_k_symbols_orders,order_id,num_cards,num_classic_cards,num_junior_cards,num_gold_cards,gold_card,classic_card,junior_card,earliest_card_issue,latest_card_issue,card_id,A1,A2,A3,A4,A5,A6,A7,A8,A9,A10,A11,A12,A13,A14,A15,A16,loan_purpose
389,745630,47,1,POPLATEK TYDNE,188,53,132,22747.0926,18825.541999999998,429.1904264150942,142.6177424242424,212.79999999999998,83.448,549.6676792094053,194.3967754761497,1801.77,950.0,1.349,1.14,26.599999999999998,4211.4374,1865.38685106383,1827.1102999999998,725.4097256478382,7,4,4,951017,970906,19889,3921.5506000000023,1.2083101033691355,231.17455638297872,0.009452461159434863,725.4097256478382,549.6676792094053,194.3967754761497,4.198066613576806,6.6611627968002205,93624,319,1,14022.0,14022.0,14022.0,14022.0,60.0,60,60,233.7,233.7,233.7,C,5041,970711,970711,0,0,0,0,4,93.27574999999999,373.10299999999995,233.68099999999998,15.808,84.60513686052107,3,4,29877,0,0,0,0,0,0,0,,,,47,Pardubice,east Bohemia,162580,83,26,5,1,6,72.8,9538,1.51,1.81,111,6079,5410,
390,775127,47,1,POPLATEK MESICNE,70,45,25,3563.2562,2077.8932,79.18347111111112,83.11572799999998,41.8,26.599999999999998,152.118463276231,133.13286809846926,819.014,471.2,0.7258,0.5548,30.4,1847.4992,992.9820714285713,935.1971,361.3049488650353,3,3,1,970123,980118,9995,1485.3629999999998,1.7148408782511053,80.58784857142857,0.007003501750875438,361.3049488650353,152.118463276231,133.13286809846926,10.343244473972991,5.669203787759642,94114,320,0,0.0,0.0,0.0,0.0,0.0,0,0,0.0,0.0,0.0,,,,,0,0,0,0,0,0.0,0.0,0.0,0.0,0.0,0,0,,0,0,0,0,0,0,0,,,,47,Pardubice,east Bohemia,162580,83,26,5,1,6,72.8,9538,1.51,1.81,111,6079,5410,
391,335522,47,1,POPLATEK MESICNE,155,62,93,6427.870999999999,5555.4784,103.67533870967742,59.73632688172042,196.194,71.288,95.6720968919434,61.77633907204198,196.194,349.59999999999997,2.2914,0.5548,41.8,1359.1194,858.8888709677419,873.6922000000001,189.12385571044825,5,5,3,931111,960806,29695,872.3925999999992,1.157032848872205,77.31193161290322,0.0052197339619464555,189.12385571044825,95.6720968919434,61.77633907204198,1.892388319554017,5.85238527792674,94268,321,0,0.0,0.0,0.0,0.0,0.0,0,0,0.0,0.0,0.0,,,,,0,0,0,0,1,71.288,71.288,71.288,71.288,0.0,1,1,29881,0,0,0,0,0,0,0,,,,47,Pardubice,east Bohemia,162580,83,26,5,1,6,72.8,9538,1.51,1.81,111,6079,5410,
392,505401,74,1,POPLATEK MESICNE,199,73,126,24508.214,23457.324,335.72895890410956,186.1692380952381,91.2,203.3,347.32995790997444,165.29546268602704,948.822,744.8,1.0868,0.5548,38.0,2267.6956,1400.53691758794,1394.7178,346.11934297339246,4,4,2,930220,960131,29911,1050.8899999999994,1.0448000803501711,241.0328542713568,0.006653070776637357,346.11934297339246,347.32995790997444,165.29546268602704,2.8261547740688084,4.000660944956893,94644,322,0,0.0,0.0,0.0,0.0,0.0,0,0,0.0,0.0,0.0,,,,,0,0,0,0,1,248.9,248.9,248.9,248.9,0.0,1,1,29882,0,0,0,0,0,0,0,,,,74,Ostrava - mesto,north Moravia,323870,0,0,0,1,1,100.0,10673,4.75,5.44,100,18782,18347,
393,560831,74,1,POPLATEK MESICNE,199,73,126,24508.214,23457.324,335.72895890410956,186.1692380952381,91.2,203.3,347.32995790997444,165.29546268602704,948.822,744.8,1.0868,0.5548,38.0,2267.6956,1400.53691758794,1394.7178,346.11934297339246,4,4,2,930220,960131,29911,1050.8899999999994,1.0448000803501711,241.0328542713568,0.006653070776637357,346.11934297339246,347.32995790997444,165.29546268602704,2.8261547740688084,4.000660944956893,94644,322,0,0.0,0.0,0.0,0.0,0.0,0,0,0.0,0.0,0.0,,,,,0,0,0,0,1,248.9,248.9,248.9,248.9,0.0,1,1,29882,0,0,0,0,0,0,0,,,,74,Ostrava - mesto,north Moravia,323870,0,0,0,1,1,100.0,10673,4.75,5.44,100,18782,18347,
394,245518,52,1,POPLATEK MESICNE,52,20,32,3153.3349999999996,2400.9236,157.66674999999998,75.0288625,259.768,56.239999999999995,125.05059993560805,70.96671437280364,259.768,300.2,3.2034,0.5548,7.6,1372.9742,942.341246153846,956.5360000000001,257.39744013050387,5,5,3,970223,980212,9989,752.4113999999995,1.3133841493331981,106.81266538461539,0.005205726298928822,257.39744013050387,125.05059993560805,70.96671437280364,1.6475762962070317,4.001126899664778,95078,323,0,0.0,0.0,0.0,0.0,0.0,0,0,0.0,0.0,0.0,,,,,0,0,0,0,1,114.95,114.95,114.95,114.95,0.0,1,1,29883,0,0,0,0,0,0,0,,,,52,Usti nad Orlici,east Bohemia,139012,59,41,8,3,10,61.9,8363,2.52,3.49,108,2564,2799,
395,190705,52,1,POPLATEK MESICNE,52,20,32,3153.3349999999996,2400.9236,157.66674999999998,75.0288625,259.768,56.239999999999995,125.05059993560805,70.96671437280364,259.768,300.2,3.2034,0.5548,7.6,1372.9742,942.341246153846,956.5360000000001,257.39744013050387,5,5,3,970223,980212,9989,752.4113999999995,1.3133841493331981,106.81266538461539,0.005205726298928822,257.39744013050387,125.05059993560805,70.96671437280364,1.6475762962070317,4.001126899664778,95078,323,0,0.0,0.0,0.0,0.0,0.0,0,0,0.0,0.0,0.0,,,,,0,0,0,0,1,114.95,114.95,114.95,114.95,0.0,1,1,29883,0,0,0,0,0,0,0,,,,52,Usti nad Orlici,east Bohemia,139012,59,41,8,3,10,61.9,8363,2.52,3.49,108,2564,2799,
396,200502,1,1,POPLATEK MESICNE,77,27,50,3060.1096000000002,2105.3368,113.33739259259258,42.10673599999999,200.602,22.990000000000002,97.6103340932101,48.87872921276804,200.602,235.6,2.0406,0.5548,19.0,1155.3709999999999,735.4183428571428,728.5283999999999,188.44682265582293,6,5,4,960823,971210,10387,954.7728000000002,1.453501216527446,67.08371948051948,0.007413112544526812,188.44682265582293,97.6103340932101,48.87872921276804,1.769954252618926,5.595304276256417,95208,324,0,0.0,0.0,0.0,0.0,0.0,0,0,0.0,0.0,0.0,,,,,0,0,0,0,2,39.311,78.622,67.83,10.792,28.519,2,1,29884,0,0,0,0,0,0,0,,,,1,Hl.m. Praha,Prague,1204953,0,0,0,1,1,100.0,12541,0.29,0.43,167,85677,99107,
397,300327,75,1,POPLATEK MESICNE,63,30,33,3377.934,2723.726,112.59780000000002,82.53715151515152,116.831,104.158,109.67797822843625,89.7050289267371,222.262,478.8,0.7524,0.5548,11.4,1047.9906,681.2484380952379,685.8467999999999,192.9298939353709,5,5,3,961006,971212,10206,654.2080000000001,1.2401886239658468,96.85174603174603,0.006172839506172839,192.9298939353709,109.67797822843625,89.7050289267371,1.973946204988019,5.801024038394464,95421,325,0,0.0,0.0,0.0,0.0,0.0,0,0,0.0,0.0,0.0,,,,,0,0,0,0,1,104.158,104.158,104.158,104.158,0.0,1,1,29886,0,0,0,0,0,0,0,,,,75,Prerov,north Moravia,138032,67,30,4,2,5,64.6,8819,5.38,5.66,99,4063,4505,
398,255326,61,1,POPLATEK MESICNE,42,19,23,1894.1593999999998,1361.54,99.69259999999997,59.19739130434783,38.0,59.546,99.53893796218644,52.873992610273234,204.28799999999998,254.6,0.8474,0.5548,204.28799999999998,837.0677999999999,568.9065952380952,588.5744,139.10739838158955,6,5,4,970806,980506,9700,532.6193999999998,1.3911889478090984,77.51665238095237,0.004329896907216495,139.10739838158955,99.53893796218644,52.873992610273234,2.049179176789451,4.300865196762489,95596,326,0,0.0,0.0,0.0,0.0,0.0,0,0,0.0,0.0,0.0,,,,,0,0,0,0,2,65.512,131.024,71.478,59.546,5.9659999999999975,2,1,29887,0,0,0,0,0,0,0,,,,61,Trebic,south Moravia,117897,139,28,5,1,6,53.8,8814,4.76,5.74,107,2112,2059,
399,520414,45,1,POPLATEK MESICNE,232,73,159,22667.9804,20920.2692,310.5202794520548,131.57402012578615,83.6,123.576,326.65340854848387,136.17134142404282,895.356,1117.2,2.6904,0.5548,26.599999999999998,2435.2756,1518.5849913793104,1490.0028000000002,331.11729281752065,5,4,3,930602,960331,29729,1747.7112000000016,1.0835415253643104,187.88038620689653,0.007803827912139662,331.11729281752065,326.65340854848387,136.17134142404282,2.8834058811873686,8.491037964272468,95742,327,0,0.0,0.0,0.0,0.0,0.0,0,0,0.0,0.0,0.0,,,,,0,0,0,0,2,134.083,268.166,144.59,123.576,10.507000000000005,2,2,29889,0,0,0,0,0,0,0,,,,45,Jicin,east Bohemia,77917,85,19,6,1,5,53.5,8390,2.28,2.89,132,2080,2122,
401,286119,1,0,,0,0,0,0.0,0.0,0.0,0.0,0.0,0.0,0.0,0.0,0.0,0.0,0.0,0.0,0.0,0.0,0.0,0.0,0.0,0,0,0,,,0,0.0,0.0,0.0,0.0,0.0,0.0,0.0,0.0,0.0,,,0,0.0,0.0,0.0,0.0,0.0,0,0,0.0,0.0,0.0,,,,,0,0,0,0,0,0.0,0.0,0.0,0.0,0.0,0,0,,0,0,0,0,0,0,0,,,,1,Hl.m. Praha,Prague,1204953,0,0,0,1,1,100.0,12541,0.29,0.43,167,85677,99107,
402,431225,3,1,POPLATEK MESICNE,79,28,51,14170.6104,12669.6332,506.09322857142854,248.42418039215684,473.89799999999997,118.17999999999999,514.1014255080654,327.2153501004122,1358.994,1149.12,1.672,0.5548,41.8,2986.5112,1920.556124050633,1828.8754000000001,516.7912459845813,5,4,3,961019,971230,10211,1500.9771999999994,1.1184704542196218,339.74991898734174,0.007736754480462247,516.7912459845813,514.1014255080654,327.2153501004122,2.6852641435968065,4.625636675890506,96402,329,0,0.0,0.0,0.0,0.0,0.0,0,0,0.0,0.0,0.0,,,,,0,0,0,0,2,74.13799999999999,148.27599999999998,118.17999999999999,30.096,44.041999999999994,2,2,29893,1,1,0,0,0,1,0,980510 00:00:00,980510 00:00:00,64,3,Beroun,central Bohemia,75232,55,26,4,1,5,41.7,8980,1.95,2.21,111,2824,2813,
403,735526,42,1,POPLATEK MESICNE,65,27,38,12429.0894,10934.5532,460.33664444444446,287.7514,15.2,184.3,487.1601737361067,284.6042120186558,1276.42,1027.52,1.2198,0.5548,15.2,2809.834,1529.2581446153847,1487.1299999999999,526.344591530924,3,3,1,961124,971231,10107,1494.5362000000005,1.1366801343103805,359.4406553846154,0.006431186306520234,526.344591530924,487.1601737361067,284.6042120186558,2.7727968550938256,3.570860124399047,96621,330,1,12600.192,12600.192,12600.192,12600.192,48.0,48,48,262.504,262.504,262.504,C,5042,980712,980712,0,0,0,0,1,262.504,262.504,262.504,262.504,0.0,1,1,29895,0,0,0,0,0,0,0,,,,42,Havlickuv Brod,east Bohemia,95907,87,25,5,2,7,59.1,8388,2.41,2.94,87,1658,1668,
404,670420,42,1,POPLATEK MESICNE,65,27,38,12429.0894,10934.5532,460.33664444444446,287.7514,15.2,184.3,487.1601737361067,284.6042120186558,1276.42,1027.52,1.2198,0.5548,15.2,2809.834,1529.2581446153847,1487.1299999999999,526.344591530924,3,3,1,961124,971231,10107,1494.5362000000005,1.1366801343103805,359.4406553846154,0.006431186306520234,526.344591530924,487.1601737361067,284.6042120186558,2.7727968550938256,3.570860124399047,96621,330,1,12600.192,12600.192,12600.192,12600.192,48.0,48,48,262.504,262.504,262.504,C,5042,980712,980712,0,0,0,0,1,262.504,262.504,262.504,262.504,0.0,1,1,29895,0,0,0,0,0,0,0,,,,42,Havlickuv Brod,east Bohemia,95907,87,25,5,2,7,59.1,8388,2.41,2.94,87,1658,1668,
406,770515,36,1,POPLATEK MESICNE,99,50,49,3805.073,2420.1972,76.10146,49.39177959183672,57.0,30.779999999999998,83.85383817893847,56.15769034718393,478.8,311.21999999999997,1.3376000000000001,0.5548,11.4,1585.0598,1164.115414141414,1149.9256,228.65408014366957,4,5,3,960112,970804,10692,1384.8757999999998,1.5722160987542666,62.881517171717164,0.009259259259259259,228.65408014366957,83.85383817893847,56.15769034718393,6.291600713048081,6.301048526128367,97063,332,0,0.0,0.0,0.0,0.0,0.0,0,0,0.0,0.0,0.0,,,,,0,0,0,0,1,90.63,90.63,90.63,90.63,0.0,1,1,29897,0,0,0,0,0,0,0,,,,36,Liberec,north Bohemia,159617,29,19,8,1,9,85.2,9198,3.33,4.28,131,5796,6132,
407,755527,73,1,POPLATEK MESICNE,71,23,48,1530.9743999999998,999.5292,66.56410434782607,20.823525,113.92399999999999,11.096,54.20755429837911,22.82236682827561,113.92399999999999,62.092,1.5883999999999998,0.5548,26.599999999999998,806.4094,624.6083549295773,650.4004,130.46261002943137,6,5,4,961223,980206,18983,531.4451999999999,1.531695522251876,35.64089577464789,0.0037401885897908656,130.46261002943137,54.20755429837911,22.82236682827561,1.7114930203927645,2.9818198407810397,97286,333,0,0.0,0.0,0.0,0.0,0.0,0,0,0.0,0.0,0.0,,,,,0,0,0,0,3,25.308000000000003,75.92399999999999,62.092,2.7359999999999998,26.233177365059433,2,3,29898,0,0,0,0,0,0,0,,,,73,Opava,north Moravia,182027,17,49,12,2,7,56.4,8746,3.33,3.74,90,4355,4433,
408,785222,35,1,POPLATEK MESICNE,229,70,159,26347.832,24286.408,376.39759999999995,152.74470440251574,142.5,90.212,385.1226138716641,191.69628648241098,1047.204,794.1999999999999,1.0754,0.5548,19.0,2985.2419999999997,1631.0369458515283,1572.5729999999999,404.49831241840104,5,4,3,930524,960331,29807,2061.423999999999,1.08487974014107,221.1102183406113,0.0076827590834367765,404.49831241840104,385.1226138716641,191.69628648241098,2.782175019181844,5.199525594727716,97526,334,0,0.0,0.0,0.0,0.0,0.0,0,0,0.0,0.0,0.0,,,,,0,0,0,0,2,67.298,134.596,90.212,44.384,22.914,2,2,29901,0,0,0,0,0,0,0,,,,35,Jablonec n. Nisou,north Bohemia,88768,10,18,5,1,7,80.5,8867,1.02,1.21,130,3384,3620,
410,621220,62,1,POPLATEK MESICNE,108,41,67,15590.184000000001,14953.912,380.24839024390246,223.19271641791045,34.199999999999996,154.546,394.79096112559637,221.44094082868398,1052.828,703.0,1.6796,0.5548,19.0,2518.4575999999997,1313.7401518518518,1307.4774,429.76008711638684,4,4,2,951016,970611,19595,636.2720000000008,1.0425488661428528,282.81570370370366,0.005511610104618525,429.76008711638684,394.79096112559637,221.44094082868398,2.7687901566780737,3.149744361207957,98235,336,0,0.0,0.0,0.0,0.0,0.0,0,0,0.0,0.0,0.0,,,,,0,0,0,0,1,154.546,154.546,154.546,154.546,0.0,1,1,29904,0,0,0,0,0,0,0,,,,62,Uherske Hradiste,south Moravia,145688,22,41,13,2,5,40.7,8544,1.29,1.86,109,2719,2906,
411,415414,17,1,POPLATEK MESICNE,94,42,48,15911.987,13493.496,378.8568333333334,281.11449999999996,8.8369,96.89999999999999,541.370053652468,462.95851449240746,1695.104,2264.7999999999997,2.0671999999999997,0.5548,7.6,4166.5708,1324.49,1002.3564,765.4275537004373,3,3,1,951125,970930,19805,2418.491,1.179233832358938,333.6721382978723,0.004746276192880585,765.4275537004373,541.370053652468,462.95851449240746,4.47426006569764,8.056503666655402,98515,337,0,0.0,0.0,0.0,0.0,0.0,0,0,0.0,0.0,0.0,,,,,0,0,0,0,0,0.0,0.0,0.0,0.0,0.0,0,0,,0,0,0,0,0,0,0,,,,17,Pelhrimov,south Bohemia,74062,99,15,4,2,7,61.4,8114,2.38,2.62,119,1003,1181,
413,726118,49,1,POPLATEK MESICNE,88,43,45,3172.6352,2696.9512,73.78221395348838,59.932248888888886,128.364,70.67999999999999,70.283049440671,61.7867209658394,292.59999999999997,303.24,0.8435999999999999,0.5548,26.599999999999998,1050.8406,596.9237340909091,549.8371999999999,180.4416984541638,4,5,3,951118,970619,19501,475.6840000000002,1.1763784231616798,66.69984545454545,0.004512589097994975,180.4416984541638,70.283049440671,61.7867209658394,3.965725400764638,5.059713353359898,98784,338,0,0.0,0.0,0.0,0.0,0.0,0,0,0.0,0.0,0.0,,,,,0,0,0,0,1,85.576,85.576,85.576,85.576,0.0,1,1,29905,0,0,0,0,0,0,0,,,,49,Semily,east Bohemia,75685,31,28,5,1,9,60.8,8208,1.89,2.26,155,1660,2123,
414,476019,46,1,POPLATEK TYDNE,108,31,69,28630.472999999998,23011.546,923.5636451612903,333.50066666666663,15.2,155.30599999999998,965.9300318652694,410.6761452532607,2667.98,1523.8,4.7348,1.14,15.2,4842.1614,2227.704892592593,2335.328,936.0328599869667,5,5,4,960911,971208,10297,5618.927,1.244178596257722,516.4110277777777,0.010488491793726329,936.0328599869667,965.9300318652694,410.6761452532607,2.8887884597645312,4.569106308633066,99038,339,1,17786.28,17786.28,17786.28,17786.28,60.0,60,60,296.438,296.438,296.438,C,5043,971225,971225,0,1,0,0,3,151.19186666666667,453.5756,296.4456,1.8239999999999998,120.31394035730948,3,3,29906,1,1,0,0,0,1,0,980202 00:00:00,980202 00:00:00,65,46,Nachod,east Bohemia,112709,48,20,7,3,10,73.5,8369,1.79,2.31,117,2854,2618,personal
415,450401,46,1,POPLATEK TYDNE,108,31,69,28630.472999999998,23011.546,923.5636451612903,333.50066666666663,15.2,155.30599999999998,965.9300318652694,410.6761452532607,2667.98,1523.8,4.7348,1.14,15.2,4842.1614,2227.704892592593,2335.328,936.0328599869667,5,5,4,960911,971208,10297,5618.927,1.244178596257722,516.4110277777777,0.010488491793726329,936.0328599869667,965.9300318652694,410.6761452532607,2.8887884597645312,4.569106308633066,99038,339,1,17786.28,17786.28,17786.28,17786.28,60.0,60,60,296.438,296.438,296.438,C,5043,971225,971225,0,0,0,0,3,151.19186666666667,453.5756,296.4456,1.8239999999999998,120.31394035730948,3,3,29906,0,0,0,0,0,0,0,,,,46,Nachod,east Bohemia,112709,48,20,7,3,10,73.5,8369,1.79,2.31,117,2854,2618,
417,300610,1,0,,0,0,0,0.0,0.0,0.0,0.0,0.0,0.0,0.0,0.0,0.0,0.0,0.0,0.0,0.0,0.0,0.0,0.0,0.0,0,0,0,,,0,0.0,0.0,0.0,0.0,0.0,0.0,0.0,0.0,0.0,,,0,0.0,0.0,0.0,0.0,0.0,0,0,0.0,0.0,0.0,,,,,0,0,0,0,0,0.0,0.0,0.0,0.0,0.0,0,0,,0,0,0,0,0,0,0,,,,1,Hl.m. Praha,Prague,1204953,0,0,0,1,1,100.0,12541,0.29,0.43,167,85677,99107,
418,661013,28,1,POPLATEK MESICNE,53,27,26,8531.209,7771.6384,315.9707037037037,298.90916923076924,38.0,167.2,331.29252363914316,312.8013380798632,871.72,1094.3999999999999,1.6301999999999999,0.5548,22.8,1831.7595999999999,999.8833886792452,894.52,357.8637918380139,3,3,1,961119,971225,10106,759.5706000000009,1.097736225092511,307.60089433962264,0.0052444092618246585,357.8637918380139,331.29252363914316,312.8013380798632,2.758863368603442,3.6613129092573318,99810,341,0,0.0,0.0,0.0,0.0,0.0,0,0,0.0,0.0,0.0,,,,,0,0,0,0,0,0.0,0.0,0.0,0.0,0.0,0,0,,0,0,0,0,0,0,0,,,,28,Plzen - sever,west Bohemia,72541,66,26,10,0,8,36.9,8594,1.62,2.01,112,1580,1525,
419,706007,64,1,POPLATEK MESICNE,57,25,32,1927.4436,1175.568,77.097744,36.7365,132.924,23.939999999999998,63.3367980460148,37.097404878239125,132.924,88.616,1.8163999999999998,0.5548,38.0,915.4997999999999,704.2194,724.9222000000001,162.0720179017546,3,5,3,961013,980106,19093,751.8756000000001,1.6395849495733128,54.43880000000001,0.002985387314722673,162.0720179017546,63.3367980460148,37.097404878239125,1.7240971408968853,2.4122058443237653,99957,342,0,0.0,0.0,0.0,0.0,0.0,0,0,0.0,0.0,0.0,,,,,0,0,0,0,1,88.616,88.616,88.616,88.616,0.0,1,1,29911,0,0,0,0,0,0,0,,,,64,Zlin,south Moravia,197099,29,41,10,2,10,74.7,9624,1.60,2.31,145,4484,4265,
420,780313,18,1,POPLATEK MESICNE,158,69,89,5226.4934,4491.995199999999,75.7462811594203,50.47185617977529,41.8,30.779999999999998,80.15059210801438,47.124934927182935,459.8,174.79999999999998,0.513,0.5548,34.199999999999996,1223.6342,764.9485379746836,776.2279,213.40646747484385,4,5,3,940426,960910,20484,734.4982000000009,1.163512685855052,61.50942151898733,0.007713337238820543,213.40646747484385,80.15059210801438,47.124934927182935,6.070265007892289,3.463316256437673,100133,343,0,0.0,0.0,0.0,0.0,0.0,0,0,0.0,0.0,0.0,,,,,0,0,0,0,1,95.19,95.19,95.19,95.19,0.0,1,1,29912,0,0,0,0,0,0,0,,,,18,Pisek,south Bohemia,70699,60,13,2,1,4,65.3,8968,2.83,3.35,131,1740,1910,
421,650731,54,1,POPLATEK MESICNE,199,66,133,18927.115999999998,17193.601599999998,286.7744848484848,129.27519999999998,87.39999999999999,95.0,293.56597244973545,138.47232403369065,795.036,877.8,2.8766,0.5548,22.8,2300.6112,1470.2172311557788,1490.6336,339.88991178473003,5,4,3,931201,960718,29517,1733.5144,1.10082322717074,181.51114371859293,0.0067418775620828675,339.88991178473003,293.56597244973545,138.47232403369065,2.7723386912195185,6.790165476440958,100489,344,1,3837.24,3837.24,3837.24,3837.24,60.0,60,60,63.954,63.954,63.954,C,5044,941221,941221,0,0,1,0,2,122.018,244.036,180.082,63.954,58.064,2,2,29913,0,0,0,0,0,0,0,,,,54,Brno - mesto,south Moravia,387570,0,0,0,1,1,100.0,9897,1.60,1.96,140,18721,18696,home
422,461207,69,1,POPLATEK MESICNE,180,67,113,21830.270399999998,20444.2736,325.8249313432835,180.9227752212389,64.6,133.0,344.53126500854216,169.9672726294545,936.548,877.8,1.4326,0.5548,7.6,2177.2745999999997,1311.5332033333332,1258.7975000000001,435.1202128892073,4,4,2,931120,960711,29591,1385.9967999999972,1.0677938882602314,234.85857777777778,0.006082930620796864,435.1202128892073,344.53126500854216,169.9672726294545,2.8743902320147177,4.851793804989971,100957,345,0,0.0,0.0,0.0,0.0,0.0,0,0,0.0,0.0,0.0,,,,,0,0,0,0,1,335.122,335.122,335.122,335.122,0.0,1,1,29915,0,0,0,0,0,0,0,,,,69,Jesenik,north Moravia,42821,4,13,5,1,3,48.4,8173,0,7.01,124,0,1358,
423,570623,37,1,POPLATEK MESICNE,209,76,133,30081.3814,28355.3188,395.8076499999999,213.19788571428572,74.1,191.51999999999998,415.0443764125319,217.55671683943166,1136.295,1532.1599999999999,2.356,0.5548,30.4,2802.1541999999995,1528.099418181818,1534.4855999999997,522.2531210248737,4,4,2,930111,960131,30020,1726.0625999999975,1.060872621894133,279.6014363636363,0.006962025316455696,522.2531210248737,415.0443764125319,217.55671683943166,2.8708262712961723,7.186562825736947,101386,346,0,0.0,0.0,0.0,0.0,0.0,0,0,0.0,0.0,0.0,,,,,0,0,0,0,1,299.25,299.25,299.25,299.25,0.0,1,1,29916,0,0,0,0,0,0,0,,,,37,Litomerice,north Bohemia,114006,71,26,6,2,9,62.3,9065,4.46,5.39,123,4147,4166,
424,471008,1,1,POPLATEK MESICNE,189,77,91,34571.7958,24933.8862,448.984361038961,273.99874945054944,201.4,262.2,551.3049752988707,345.78411670432774,1829.472,1972.2,0.2242,0.0076,-104.97879999999999,3517.7094,1341.8284349206351,1219.8266,949.3195528080521,5,4,2,931213,960831,29618,9637.909599999999,1.3865386054420992,355.4702962962963,0.006381254642447161,949.3195528080521,551.3049752988707,345.78411670432774,4.074689808274293,7.197843070287215,101827,347,1,7114.512,7114.512,7114.512,7114.512,24.0,24,24,296.438,296.438,296.438,B,5045,950501,950501,0,0,0,1,1,296.4456,296.4456,296.4456,296.4456,0.0,1,1,29917,0,0,0,0,0,0,0,,,,1,Hl.m. Praha,Prague,1204953,0,0,0,1,1,100.0,12541,0.29,0.43,167,85677,99107,business
426,370601,72,1,POPLATEK MESICNE,53,26,27,3535.577,2996.9687999999996,135.98373076923076,110.99884444444443,45.599999999999994,102.6,139.59760452821249,85.61182100409114,398.468,319.2,1.2843999999999998,0.5548,41.8,1201.427,695.3929018867924,688.9476,217.93174747796482,4,4,2,970608,980404,9796,538.6082000000006,1.1797176533836458,123.25558113207549,0.005410371580236831,217.93174747796482,139.59760452821249,85.61182100409114,2.9302623023059606,2.875705612951326,102528,349,1,1627.008,1627.008,1627.008,1627.008,12.0,12,12,135.584,135.584,135.584,C,5046,980909,980909,0,0,1,0,2,156.332,312.664,177.07999999999998,135.584,20.74799999999999,2,2,29918,0,0,0,0,0,0,0,,,,72,Olomouc,north Moravia,226122,32,50,7,4,4,62.6,8994,3.80,4.79,110,9672,9208,home
427,415914,72,1,POPLATEK MESICNE,53,26,27,3535.577,2996.9687999999996,135.98373076923076,110.99884444444443,45.599999999999994,102.6,139.59760452821249,85.61182100409114,398.468,319.2,1.2843999999999998,0.5548,41.8,1201.427,695.3929018867924,688.9476,217.93174747796482,4,4,2,970608,980404,9796,538.6082000000006,1.1797176533836458,123.25558113207549,0.005410371580236831,217.93174747796482,139.59760452821249,85.61182100409114,2.9302623023059606,2.875705612951326,102528,349,1,1627.008,1627.008,1627.008,1627.008,12.0,12,12,135.584,135.584,135.584,C,5046,980909,980909,0,0,0,0,2,156.332,312.664,177.07999999999998,135.584,20.74799999999999,2,2,29918,0,0,0,0,0,0,0,,,,72,Olomouc,north Moravia,226122,32,50,7,4,4,62.6,8994,3.80,4.79,110,9672,9208,
428,196116,47,1,POPLATEK MESICNE,60,27,33,3410.5683999999997,2946.368,126.31734814814816,89.28387878787879,239.742,69.92,117.74430870564676,89.87701366124764,239.742,400.9,1.8923999999999999,0.5548,19.0,1153.9916,686.3653733333333,702.0291,185.81609115567454,5,5,3,961013,980111,19098,464.2003999999997,1.1575500412711515,105.94894000000001,0.0031416902293433867,185.81609115567454,117.74430870564676,89.87701366124764,1.8979340804306988,4.4901723070573665,102689,350,0,0.0,0.0,0.0,0.0,0.0,0,0,0.0,0.0,0.0,,,,,0,0,0,0,1,144.058,144.058,144.058,144.058,0.0,1,1,29920,0,0,0,0,0,0,0,,,,47,Pardubice,east Bohemia,162580,83,26,5,1,6,72.8,9538,1.51,1.81,111,6079,5410,
429,815120,50,1,POPLATEK MESICNE,68,40,28,3530.8764,2619.3932,88.27191,93.54975714285715,53.199999999999996,20.9,217.0282023508924,166.41070669814277,1391.902,790.4,0.1482,0.5548,22.8,2240.1987999999997,1001.5527558823528,1000.5476000000001,447.6242716470665,3,3,1,970217,980118,9901,911.4832000000001,1.3479749432044033,90.44514117647057,0.006867993132006868,447.6242716470665,217.0282023508924,166.41070669814277,15.76834578519939,8.448979710262666,102871,351,0,0.0,0.0,0.0,0.0,0.0,0,0,0.0,0.0,0.0,,,,,0,0,0,0,0,0.0,0.0,0.0,0.0,0.0,0,0,,1,0,1,0,0,0,1,980128 00:00:00,980128 00:00:00,67,50,Svitavy,east Bohemia,102609,75,33,2,3,6,52.0,8187,4.83,5.45,94,2123,2134,
430,200728,39,1,POPLATEK MESICNE,136,57,79,4719.5962,3779.4192,82.79993333333333,47.8407493670886,7.6,69.92,81.10875002601274,38.63128032700658,165.338,148.2,0.44079999999999997,0.5548,7.6,1111.4658,768.6694485294117,799.6245,173.75635128607613,5,5,3,940704,961110,20406,940.1770000000001,1.248762296598377,62.49276029411764,0.0066647064588846415,173.75635128607613,81.10875002601274,38.63128032700658,1.996837356551817,3.09777756328274,103028,352,0,0.0,0.0,0.0,0.0,0.0,0,0,0.0,0.0,0.0,,,,,0,0,0,0,1,75.696,75.696,75.696,75.696,0.0,1,1,29921,0,0,0,0,0,0,0,,,,39,Most,north Bohemia,119895,17,4,3,2,4,89.9,10446,7.34,9.4,90,4947,4743,
431,276001,24,1,POPLATEK MESICNE,109,38,71,5454.558,3751.1928,143.541,52.8337014084507,253.688,33.402,122.52892286019656,50.9849235390269,253.688,285.0,3.135,0.5548,38.0,1857.8808,1375.414078899083,1400.1442,256.5858917771083,6,5,4,950830,970526,19696,1703.3652000000002,1.4540862842347106,84.45642935779816,0.005534118602761982,256.5858917771083,122.52892286019656,50.9849235390269,1.767355668415296,5.39428418608609,103345,353,0,0.0,0.0,0.0,0.0,0.0,0,0,0.0,0.0,0.0,,,,,0,0,0,0,2,67.75399999999999,135.50799999999998,102.106,33.402,34.352,2,1,29922,0,0,0,0,0,0,0,,,,24,Karlovy Vary,west Bohemia,122603,25,21,6,2,8,80.0,8991,1.39,2.01,128,5198,5273,
432,525326,59,1,POPLATEK MESICNE,182,68,114,15881.362799999999,14553.3236,233.54945294117647,127.66073333333331,58.89999999999999,148.2,239.16027420187743,104.55835279967937,653.562,414.2,0.42179999999999995,0.5548,26.599999999999998,1896.9296,1282.595647252747,1254.2260999999999,268.6854507487592,4,4,2,931028,960626,29598,1328.0391999999993,1.09125332717813,167.22355164835164,0.006149064125954456,268.6854507487592,239.16027420187743,104.55835279967937,2.798388057730159,3.2445372134788513,103618,354,0,0.0,0.0,0.0,0.0,0.0,0,0,0.0,0.0,0.0,,,,,0,0,0,0,1,181.298,181.298,181.298,181.298,0.0,1,1,29924,0,0,0,0,0,0,0,,,,59,Kromeriz,south Moravia,108871,41,29,7,2,6,62.1,8444,3.24,3.47,106,2595,2305,
434,435130,70,1,POPLATEK MESICNE,89,37,52,13915.7596,11401.2844,376.1016108108108,219.2554692307692,95.0,159.144,383.07216251441184,224.5499381691533,1049.712,741.0,2.3142,0.5548,38.0,2706.6602,1981.00895505618,2099.6482,433.8075785697594,4,4,2,960312,970909,10597,2514.475199999999,1.2205431521381924,284.4611685393258,0.008398603378314617,433.8075785697594,383.07216251441184,224.5499381691533,2.7910329810526475,3.379619229566803,104322,356,0,0.0,0.0,0.0,0.0,0.0,0,0,0.0,0.0,0.0,,,,,0,0,0,0,1,159.144,159.144,159.144,159.144,0.0,1,1,29927,1,1,0,0,0,1,0,980131 00:00:00,980131 00:00:00,68,70,Karvina,north Moravia,285387,0,2,8,5,7,89.9,10177,6.63,7.75,81,9878,10108,
435,671023,20,1,POPLATEK MESICNE,90,34,56,2317.183,1408.1432,68.15244117647059,25.145414285714285,117.914,10.64,56.308674253027824,27.244676088362585,117.914,67.944,1.7176,0.5548,38.0,919.6797999999999,673.398211111111,674.0648999999999,134.58441353322493,5,5,4,960310,971009,10699,909.0398,1.6455592016493776,41.392513333333326,0.008412001121600149,134.58441353322493,56.308674253027824,27.244676088362585,1.7301507908525136,2.7020433717252623,104522,357,0,0.0,0.0,0.0,0.0,0.0,0,0,0.0,0.0,0.0,,,,,0,0,0,0,2,39.292,78.584,67.944,10.64,28.652,2,2,29928,0,0,0,0,0,0,0,,,,20,Strakonice,south Bohemia,70646,94,14,3,1,4,58.4,8547,2.65,3.64,120,1563,1542,
436,550615,2,1,POPLATEK MESICNE,231,70,161,4441.3868,3873.9328,63.448382857142846,24.06169440993789,41.8,5.7,66.53734945767134,32.08705940209109,364.8,167.2,0.3952,0.5548,22.8,1145.6696,706.2653679653679,681.6364,235.12247903065074,6,5,4,931209,960611,29402,567.4540000000002,1.1464800834955113,35.99705454545454,0.007856608393986804,235.12247903065074,66.53734945767134,32.08705940209109,5.749555521712273,6.94880406805198,104736,358,0,0.0,0.0,0.0,0.0,0.0,0,0,0.0,0.0,0.0,,,,,0,0,0,0,4,19.627,78.508,54.492,1.026,21.482178404435615,2,3,29930,0,0,0,0,0,0,0,,,,2,Benesov,central Bohemia,88884,80,26,6,2,5,46.7,8507,1.67,1.85,132,2159,2674,
437,205117,11,1,POPLATEK MESICNE,104,46,58,5119.971799999999,4192.008,111.30373478260869,72.276,202.00799999999998,72.96000000000001,98.98311805910491,62.83618498439497,202.00799999999998,163.4,2.0026,0.5548,15.2,1085.432,698.9958230769231,692.0103999999999,163.4103417128212,5,5,3,941211,970117,28906,927.9637999999995,1.2213649878530766,89.53826730769228,0.0035978689545423095,163.4103417128212,98.98311805910491,62.83618498439497,1.8149256212700233,2.260778128286015,105306,359,0,0.0,0.0,0.0,0.0,0.0,0,0,0.0,0.0,0.0,,,,,0,0,0,0,1,134.672,134.672,134.672,134.672,0.0,1,1,29934,0,0,0,0,0,0,0,,,,11,Praha - zapad,central Bohemia,75637,35,36,9,0,7,36.5,9622,0.45,0.59,154,3475,3529,
439,685912,51,1,POPLATEK MESICNE,234,73,161,35412.9904,32941.4628,485.1094575342466,204.6053590062112,60.8,68.39999999999999,495.5324662290183,300.888544878657,1347.366,1010.8,0.3952,0.5548,22.8,3209.8144,2211.577248717949,1993.5313,508.68870218798753,5,5,3,930227,960210,29983,2471.5276000000013,1.075027864275657,292.1130478632478,0.007804422506086783,508.68870218798753,495.5324662290183,300.888544878657,2.777447396817412,4.940242058710276,105733,361,0,0.0,0.0,0.0,0.0,0.0,0,0,0.0,0.0,0.0,,,,,0,0,0,0,2,63.251,126.502,73.758,52.744,10.506999999999998,2,2,29935,1,1,0,0,0,1,0,940208 00:00:00,940208 00:00:00,70,51,Trutnov,east Bohemia,121947,37,28,7,3,11,70.5,8541,2.51,2.97,131,3496,3839,
440,705707,15,1,POPLATEK MESICNE,265,84,181,15322.303,14309.834799999999,182.40836904761903,79.05986077348065,45.599999999999994,11.096,191.3466749982308,96.01588055835506,543.894,389.12,0.9386,0.5548,34.199999999999996,1647.8927999999999,1028.3760754716982,1014.505,256.6288225077628,6,4,3,930404,960309,29905,1012.4682000000012,1.07075331156164,111.81938792452829,0.008861394415649556,256.6288225077628,191.3466749982308,96.01588055835506,2.981738189095987,4.921840187840604,106234,362,0,0.0,0.0,0.0,0.0,0.0,0,0,0.0,0.0,0.0,,,,,0,0,0,0,3,80.57266666666666,241.718,228.03799999999998,2.584,104.33162491892006,2,3,29937,0,0,0,0,0,0,0,,,,15,Cesky Krumlov,south Bohemia,58796,22,16,7,1,5,51.9,9045,3.13,3.6,124,1845,1879,
441,590914,1,1,POPLATEK MESICNE,168,73,79,43870.5668,35553.605599999995,600.9666684931507,450.04564050632894,372.59,239.4,637.7625217824992,488.28107187687897,1874.426,2059.6,4.4764,0.5548,38.0,4775.8324,2245.001072619047,2136.8863,947.2082637002975,3,3,1,940506,961121,20615,8316.961200000005,1.2339273629114007,509.80071666666663,0.008149405772495755,947.2082637002975,637.7625217824992,488.28107187687897,3.1190182388981578,4.576424732573398,106822,363,0,0.0,0.0,0.0,0.0,0.0,0,0,0.0,0.0,0.0,,,,,0,0,0,0,0,0.0,0.0,0.0,0.0,0.0,0,0,,1,1,0,0,0,1,0,980411 00:00:00,980411 00:00:00,71,1,Hl.m. Praha,Prague,1204953,0,0,0,1,1,100.0,12541,0.29,0.43,167,85677,99107,
442,716216,1,1,POPLATEK MESICNE,46,23,23,1714.3472,857.4624,74.5368347826087,37.280973913043475,126.616,26.22,59.87812578501224,36.30437672171721,126.616,84.398,0.095,0.5548,41.8,861.042,710.2425521739132,746.2040999999999,170.13374031479742,4,5,3,970120,980228,10108,856.8847999999999,1.9993263844572076,55.90890434782609,0.004550850811238623,170.13374031479742,59.87812578501224,36.30437672171721,1.6987037398258649,2.263835708714458,107211,364,0,0.0,0.0,0.0,0.0,0.0,0,0,0.0,0.0,0.0,,,,,0,0,0,0,1,84.398,84.398,84.398,84.398,0.0,1,1,29940,0,0,0,0,0,0,0,,,,1,Hl.m. Praha,Prague,1204953,0,0,0,1,1,100.0,12541,0.29,0.43,167,85677,99107,
443,711220,1,1,POPLATEK MESICNE,46,23,23,1714.3472,857.4624,74.5368347826087,37.280973913043475,126.616,26.22,59.87812578501224,36.30437672171721,126.616,84.398,0.095,0.5548,41.8,861.042,710.2425521739132,746.2040999999999,170.13374031479742,4,5,3,970120,980228,10108,856.8847999999999,1.9993263844572076,55.90890434782609,0.004550850811238623,170.13374031479742,59.87812578501224,36.30437672171721,1.6987037398258649,2.263835708714458,107211,364,0,0.0,0.0,0.0,0.0,0.0,0,0,0.0,0.0,0.0,,,,,0,0,0,0,1,84.398,84.398,84.398,84.398,0.0,1,1,29940,0,0,0,0,0,0,0,,,,1,Hl.m. Praha,Prague,1204953,0,0,0,1,1,100.0,12541,0.29,0.43,167,85677,99107,
444,605801,74,1,POPLATEK MESICNE,233,68,163,23432.650599999997,21010.678799999998,344.5978029411764,128.8998699386503,123.5,67.716,360.8162509746338,174.88336268047675,1006.62,710.6,2.3028,0.19,7.6,2291.8217999999997,949.3407407725321,893.8094,398.48580852884845,6,5,4,931212,960707,29495,2421.9717999999993,1.1152733723196036,194.82882145922744,0.007899644007458892,398.48580852884845,360.8162509746338,174.88336268047675,2.9211445674011807,5.512806183111038,107319,365,0,0.0,0.0,0.0,0.0,0.0,0,0,0.0,0.0,0.0,,,,,0,0,0,0,5,114.684,573.42,438.06399999999996,0.19,164.45489484962133,3,4,29941,0,0,0,0,0,0,0,,,,74,Ostrava - mesto,north Moravia,323870,0,0,0,1,1,100.0,10673,4.75,5.44,100,18782,18347,
445,475427,1,1,POPLATEK MESICNE,105,31,74,13741.56,11744.508,443.27612903225804,158.70956756756755,34.199999999999996,92.79599999999999,463.30221510938276,202.0578651149675,1236.615,808.64,1.083,0.5548,7.6,3128.711,2033.186779047619,2046.0225999999998,516.3229433117923,6,4,5,961023,980108,19085,1997.0519999999997,1.1700413503911786,242.72445714285715,0.005501702908042965,516.3229433117923,463.30221510938276,202.0578651149675,2.789717106354737,5.095092957491281,108047,366,0,0.0,0.0,0.0,0.0,0.0,0,0,0.0,0.0,0.0,,,,,0,0,0,0,4,79.61,318.44,121.14399999999999,31.768,32.538852161685114,4,3,29946,0,0,0,0,0,0,0,,,,1,Hl.m. Praha,Prague,1204953,0,0,0,1,1,100.0,12541,0.29,0.43,167,85677,99107,
446,520319,1,1,POPLATEK MESICNE,105,31,74,13741.56,11744.508,443.27612903225804,158.70956756756755,34.199999999999996,92.79599999999999,463.30221510938276,202.0578651149675,1236.615,808.64,1.083,0.5548,7.6,3128.711,2033.186779047619,2046.0225999999998,516.3229433117923,6,4,5,961023,980108,19085,1997.0519999999997,1.1700413503911786,242.72445714285715,0.005501702908042965,516.3229433117923,463.30221510938276,202.0578651149675,2.789717106354737,5.095092957491281,108047,366,0,0.0,0.0,0.0,0.0,0.0,0,0,0.0,0.0,0.0,,,,,0,0,0,0,4,79.61,318.44,121.14399999999999,31.768,32.538852161685114,4,3,29946,0,0,0,0,0,0,0,,,,1,Hl.m. Praha,Prague,1204953,0,0,0,1,1,100.0,12541,0.29,0.43,167,85677,99107,
447,460904,23,1,POPLATEK MESICNE,49,23,26,6583.3556,4641.9128,286.23285217391293,178.5351076923077,239.4,231.49599999999998,283.01264906658184,128.32509138001788,781.9259999999999,387.59999999999997,1.3718000000000001,0.5548,15.2,2501.3424,1838.1398,1923.731,474.4773705924136,4,4,2,970509,980313,9804,1941.4427999999998,1.4182419799010442,229.08711020408163,0.004997960016319869,474.4773705924136,283.01264906658184,128.32509138001788,2.731782861615436,2.1710015750403584,108360,367,0,0.0,0.0,0.0,0.0,0.0,0,0,0.0,0.0,0.0,,,,,0,0,0,0,1,242.59199999999998,242.59199999999998,242.59199999999998,242.59199999999998,0.0,1,1,29950,1,1,0,0,0,1,0,980309 00:00:00,980309 00:00:00,72,23,Cheb,west Bohemia,87419,21,11,4,3,9,85.5,8624,1.79,2.66,102,2879,3198,
448,705815,77,1,POPLATEK MESICNE,266,75,191,11698.4254,11287.2464,155.97900533333333,59.095530890052345,34.199999999999996,28.195999999999998,169.196963624998,69.26962237632435,479.598,281.2,0.874,0.5548,41.8,1546.0185999999999,823.6905714285714,817.2393999999999,234.37179803797525,6,4,5,930706,960306,29600,411.1790000000001,1.0364286368374132,86.41229999999999,0.008986486486486487,234.37179803797525,169.196963624998,69.26962237632435,3.0747599587205987,4.758397052446734,108487,368,0,0.0,0.0,0.0,0.0,0.0,0,0,0.0,0.0,0.0,,,,,0,0,0,0,5,50.76800000000001,253.84,166.478,8.246,59.07927349587163,4,4,29951,0,0,0,0,0,0,0,,,,77,Vsetin,north Moravia,148545,8,35,12,3,4,53.5,8909,4.01,5.56,113,3460,3590,
450,531127,25,1,POPLATEK MESICNE,182,58,124,3778.8453999999997,2994.3848,65.15250689655171,24.14826451612903,118.294,25.535999999999998,57.023560865254645,22.063657919456723,118.294,111.72,0.08360000000000001,0.5548,26.599999999999998,1010.3629999999999,787.9405857142858,804.4049,144.32278559986815,3,5,5,940218,960914,20696,784.4605999999999,1.2619772181584679,37.21555054945055,0.008793969849246231,144.32278559986815,57.023560865254645,22.063657919456723,1.8156477108060576,4.6264194234488505,109465,370,0,0.0,0.0,0.0,0.0,0.0,0,0,0.0,0.0,0.0,,,,,0,0,0,0,3,26.28333333333333,78.85,45.144,8.17,15.103819590495055,3,3,29959,0,0,0,0,0,0,0,,,,25,Klatovy,west Bohemia,88757,60,33,3,2,10,61.7,8554,2.47,2.68,113,1822,2218,
451,790414,12,1,POPLATEK MESICNE,65,41,24,4558.5484,2991.0027999999998,111.18410731707316,124.62511666666666,49.4,18.999999999999996,289.13007682158354,207.6055999298021,1807.85,722.0,0.20520000000000002,0.5548,30.4,2740.2788,1303.0631446153848,1346.8302,518.8182197114355,3,3,1,960802,971125,10323,1567.5456,1.524086971767462,116.14694153846153,0.006296619199845007,518.8182197114355,289.13007682158354,207.6055999298021,16.259967756402457,5.793374717001268,109865,371,0,0.0,0.0,0.0,0.0,0.0,0,0,0.0,0.0,0.0,,,,,0,0,0,0,0,0.0,0.0,0.0,0.0,0.0,0,0,,1,0,1,0,0,0,1,980721 00:00:00,980721 00:00:00,73,12,Pribram,central Bohemia,107870,84,29,6,1,6,58.0,8754,3.83,4.31,137,3804,3868,
452,536022,55,1,POPLATEK MESICNE,127,45,82,19549.3888,18412.6796,434.4308622222222,224.5448731707317,76.0,111.72,458.7271584015634,243.77943525905522,1276.572,1319.36,2.0444,0.5548,15.2,2731.2614,1441.190453543307,1518.3318,488.23290263140814,5,4,3,950910,970601,19691,1136.7092000000011,1.0617351316969639,298.9139244094488,0.006449647046874206,488.23290263140814,458.7271584015634,243.77943525905522,2.938492890376194,5.87570752059358,110027,372,0,0.0,0.0,0.0,0.0,0.0,0,0,0.0,0.0,0.0,,,,,0,0,0,0,2,188.72699999999998,377.45399999999995,295.83,81.624,107.103,2,2,29962,0,0,0,0,0,0,0,,,,55,Brno - venkov,south Moravia,157042,49,70,18,0,9,33.9,8743,1.88,2.43,111,3659,3894,
453,690716,67,1,POPLATEK MESICNE,81,36,45,6860.4972,5711.574799999999,190.5693666666666,126.92388444444445,121.6,136.79999999999998,189.3303097065813,102.15580901897292,551.703,319.2,1.0335999999999999,0.5548,30.4,1809.5105999999998,988.5633382716048,988.1557999999999,313.7778090955109,4,4,2,960620,971008,10388,1148.9224000000004,1.2011568508215984,155.21076543209873,0.007797458606083943,313.7778090955109,189.3303097065813,102.15580901897292,2.8950245763528635,2.514893090431031,110338,373,0,0.0,0.0,0.0,0.0,0.0,0,0,0.0,0.0,0.0,,,,,0,0,0,0,1,245.176,245.176,245.176,245.176,0.0,1,1,29964,1,1,0,0,0,1,0,981018 00:00:00,981018 00:00:00,74,67,Bruntal,north Moravia,106054,38,25,6,2,6,63.1,8110,5.77,6.55,109,3244,3079,
454,495615,38,1,POPLATEK MESICNE,185,77,102,35018.387,31014.3536,454.7842467532467,304.06229019607844,155.79999999999998,228.0,477.0632937079114,353.2349452147751,1313.356,2428.2,2.6068,0.5548,15.2,3034.0416,1639.1987902702701,1708.3052,656.3097243418047,3,4,2,930109,960131,30022,4004.033400000004,1.1291025907436614,370.9610735135135,0.006162147758310572,656.3097243418047,477.0632937079114,353.2349452147751,2.887866080182391,7.985863680873232,110534,374,0,0.0,0.0,0.0,0.0,0.0,0,0,0.0,0.0,0.0,,,,,0,0,0,0,0,0.0,0.0,0.0,0.0,0.0,0,0,,0,0,0,0,0,0,0,,,,38,Louny,north Bohemia,85852,41,23,4,2,4,59.8,8965,7.08,8.23,104,2653,2822,
455,200726,68,1,POPLATEK MESICNE,73,34,39,3795.8086,2880.5215999999996,111.6414294117647,73.85952820512819,129.884,57.76,106.52660043907433,73.49165844934969,217.968,353.4,0.6498,0.5548,41.8,1247.8554000000001,874.4195095890411,915.2756,227.40148996057232,5,5,3,960607,971021,10414,915.2870000000003,1.3177504379762333,91.45657808219177,0.007009794507393893,227.40148996057232,106.52660043907433,73.49165844934969,1.9523934900194915,4.784758427084873,110930,375,0,0.0,0.0,0.0,0.0,0.0,0,0,0.0,0.0,0.0,,,,,0,0,0,0,1,145.31199999999998,145.31199999999998,145.31199999999998,145.31199999999998,0.0,1,1,29965,0,0,0,0,0,0,0,,,,68,Frydek - Mistek,north Moravia,228848,15,40,18,2,6,57.2,9893,4.09,4.72,96,5623,5887,
456,400228,25,1,POPLATEK MESICNE,132,47,85,23489.266799999998,22686.015199999998,499.7716340425532,266.8942964705883,26.599999999999998,269.686,517.0662744443259,268.4828520289668,1397.469,1109.6,2.4472,0.5548,26.599999999999998,2981.7878,1580.7172348484848,1499.3223,521.5635184854294,4,4,2,950305,970209,19904,803.2515999999996,1.0354073464607394,349.81274242424246,0.006631832797427652,521.5635184854294,517.0662744443259,268.4828520289668,2.796215120686526,4.157451150786497,111115,376,0,0.0,0.0,0.0,0.0,0.0,0,0,0.0,0.0,0.0,,,,,0,0,0,0,1,269.686,269.686,269.686,269.686,0.0,1,1,29966,0,0,0,0,0,0,0,,,,25,Klatovy,west Bohemia,88757,60,33,3,2,10,61.7,8554,2.47,2.68,113,1822,2218,
457,500926,70,1,POPLATEK MESICNE,166,80,74,41194.169799999996,34422.1784,514.9271225,465.1645729729729,375.554,285.0,546.1530144060814,583.1143462565323,1805.494,2382.6,0.1368,0.1406,-42.1572,5213.3758,1928.3983843373492,1940.8576,1022.2763249018265,4,3,1,940819,970111,29292,6771.991399999999,1.196733376990458,487.5324228915662,0.00566707633483545,1022.2763249018265,546.1530144060814,583.1143462565323,3.5063097691071805,5.12205816701014,111410,377,0,0.0,0.0,0.0,0.0,0.0,0,0,0.0,0.0,0.0,,,,,0,0,0,0,0,0.0,0.0,0.0,0.0,0.0,0,0,,1,1,0,0,0,1,0,970729 00:00:00,970729 00:00:00,75,70,Karvina,north Moravia,285387,0,2,8,5,7,89.9,10177,6.63,7.75,81,9878,10108,
458,610724,68,1,POPLATEK MESICNE,172,54,114,41450.3126,38138.2668,767.5983814814817,334.54620000000006,714.989,102.6,627.2413163383401,536.3519455790573,1825.444,2276.2,1.5998,0.076,781.812,5523.3798,2988.8261953488372,2971.9838,861.9638828430328,7,4,5,960722,971013,10291,3312.0458,1.0868431126503106,471.956973255814,0.016713633271790884,861.9638828430328,627.2413163383401,536.3519455790573,2.378123826260359,6.80384353491386,111809,378,1,8755.199999999999,8755.199999999999,8755.199999999999,8755.199999999999,60.0,60,60,145.92,145.92,145.92,C,5051,971011,971011,0,1,0,0,5,103.11072000000001,515.5536,324.406,0.076,122.80010042924883,4,4,29967,0,0,0,0,0,0,0,,,,68,Frydek - Mistek,north Moravia,228848,15,40,18,2,6,57.2,9893,4.09,4.72,96,5623,5887,personal
459,675723,32,1,POPLATEK MESICNE,124,41,83,3079.6986,2463.8136,75.11460000000001,29.68450120481928,64.6,16.492,70.81735627441596,38.04220282645994,269.8,224.2,0.8815999999999999,0.5548,41.8,979.9212,678.9454790322582,691.847,143.68169933828491,6,5,5,960518,971013,10495,615.8850000000002,1.2499722381595753,44.7057435483871,0.011815150071462601,143.68169933828491,70.81735627441596,38.04220282645994,3.5918449941822224,7.552762920052068,112229,379,0,0.0,0.0,0.0,0.0,0.0,0,0,0.0,0.0,0.0,,,,,0,0,0,0,4,23.598,94.392,59.318,6.726,20.910240218610593,3,3,29972,0,0,0,0,0,0,0,,,,32,Ceska Lipa,north Bohemia,105058,32,19,7,2,10,81.0,9272,2.80,3.22,118,4340,4505,
461,705813,68,1,POPLATEK MESICNE,165,73,92,12082.594000000001,10809.609199999999,165.51498630136987,117.49575217391303,60.8,75.24,166.21642094980763,120.98735914154283,467.932,437.0,1.1286,0.5548,38.0,1728.6124,1153.684513939394,1142.0254,266.92304008896576,3,3,1,930704,960408,29704,1272.984800000002,1.1177641833712177,138.74062545454547,0.005554807433342311,266.92304008896576,166.21642094980763,120.98735914154283,2.8271276846677127,3.71928339463003,112994,381,0,0.0,0.0,0.0,0.0,0.0,0,0,0.0,0.0,0.0,,,,,0,0,0,0,0,0.0,0.0,0.0,0.0,0.0,0,0,,0,0,0,0,0,0,0,,,,68,Frydek - Mistek,north Moravia,228848,15,40,18,2,6,57.2,9893,4.09,4.72,96,5623,5887,
462,701221,14,1,POPLATEK MESICNE,79,28,51,2137.7128000000002,1146.5967999999998,76.34688571428572,22.48229019607843,129.77,1.026,61.83441697306094,34.29339829967424,129.77,84.92999999999999,1.7783999999999998,0.532,26.599999999999998,1017.2296,765.8624379746836,755.0713999999999,178.60650442278595,3,5,5,960816,971225,10409,991.1160000000004,1.8643980168093968,41.57353924050633,0.007589585935248343,178.60650442278595,61.83441697306094,34.29339829967424,1.699741892362716,3.777640056208076,113355,382,0,0.0,0.0,0.0,0.0,0.0,0,0,0.0,0.0,0.0,,,,,0,0,0,0,3,28.829333333333327,86.488,84.92999999999999,0.532,39.66967447419866,3,3,29979,0,0,0,0,0,0,0,,,,14,Ceske Budejovice,south Bohemia,177686,69,27,10,1,9,74.8,10045,1.42,1.71,135,6604,6295,
463,440405,38,1,POPLATEK MESICNE,37,19,18,1326.0936,795.3248,69.7944,44.184711111111106,117.268,43.32,55.84849562450183,39.41467382329255,117.268,106.39999999999999,1.1476,0.5548,22.8,634.6456000000001,459.99051351351363,491.6668,119.6944698799906,3,5,3,970515,980408,9893,530.7687999999999,1.6673610580230869,57.33563243243242,0.0037400181946831094,119.6944698799906,55.84849562450183,39.41467382329255,1.6801921071031487,2.408072777310603,113581,383,0,0.0,0.0,0.0,0.0,0.0,0,0,0.0,0.0,0.0,,,,,0,0,0,0,1,78.166,78.166,78.166,78.166,0.0,1,1,29982,0,0,0,0,0,0,0,,,,38,Louny,north Bohemia,85852,41,23,4,2,4,59.8,8965,7.08,8.23,104,2653,2822,
464,595730,24,1,POPLATEK TYDNE,44,26,17,16739.0798,11922.5,643.8107615384615,701.3235294117646,398.10699999999997,558.6,635.0282055997028,666.508161486954,1701.07,2169.7999999999997,0.2964,1.14,38.0,4971.6426,2389.4863772727276,2199.4229,1241.2119876281329,3,3,1,970914,980531,9617,4816.5797999999995,1.4039907569721115,671.2778590909091,0.00457523136113133,1241.2119876281329,635.0282055997028,666.508161486954,2.642189446996961,3.0938645418326693,113700,384,0,0.0,0.0,0.0,0.0,0.0,0,0,0.0,0.0,0.0,,,,,0,0,0,0,1,87.55579999999999,87.55579999999999,87.55579999999999,87.55579999999999,0.0,1,1,29983,1,1,0,0,0,1,0,981223 00:00:00,981223 00:00:00,76,24,Karlovy Vary,west Bohemia,122603,25,21,6,2,8,80.0,8991,1.39,2.01,128,5198,5273,
465,520901,5,1,POPLATEK MESICNE,236,72,164,4895.7946,4052.9128,67.99714722222222,24.712882926829266,84.911,4.598,63.956844629145515,35.39249778978523,131.822,218.88,0.4712,0.5548,38.0,1135.8694,853.9245033898305,872.1779,160.2670889078206,6,5,5,930407,960314,29907,842.8818000000001,1.2079693893241423,37.91825169491525,0.00789112916708463,160.2670889078206,63.956844629145515,35.39249778978523,1.9386401545522354,8.856918905336428,113876,385,0,0.0,0.0,0.0,0.0,0.0,0,0,0.0,0.0,0.0,,,,,0,0,0,0,3,29.28533333333333,87.856,82.08,1.178,37.35756702760798,3,3,29984,0,0,0,0,0,0,0,,,,5,Kolin,central Bohemia,95616,65,30,4,1,6,51.4,9307,3.85,4.43,118,2616,3040,
466,476119,1,1,POPLATEK MESICNE,43,19,24,6658.835,4174.0112,350.465,173.91713333333334,148.2,141.35999999999999,352.2275487538134,153.66155327305816,1012.168,577.6,1.9038,0.5548,674.766,2791.9435999999996,1985.3857348837205,2139.3962,532.6416064838025,4,4,2,970811,980411,9600,2484.8238,1.5953083690815204,251.9266558139535,0.004479166666666667,532.6416064838025,352.2275487538134,153.66155327305816,2.8880715620675392,3.3211218982833586,114397,386,0,0.0,0.0,0.0,0.0,0.0,0,0,0.0,0.0,0.0,,,,,0,0,0,0,1,179.018,179.018,179.018,179.018,0.0,1,1,29987,1,1,0,0,0,1,0,980813 00:00:00,980813 00:00:00,77,1,Hl.m. Praha,Prague,1204953,0,0,0,1,1,100.0,12541,0.29,0.43,167,85677,99107,
467,500417,1,1,POPLATEK MESICNE,43,19,24,6658.835,4174.0112,350.465,173.91713333333334,148.2,141.35999999999999,352.2275487538134,153.66155327305816,1012.168,577.6,1.9038,0.5548,674.766,2791.9435999999996,1985.3857348837205,2139.3962,532.6416064838025,4,4,2,970811,980411,9600,2484.8238,1.5953083690815204,251.9266558139535,0.004479166666666667,532.6416064838025,352.2275487538134,153.66155327305816,2.8880715620675392,3.3211218982833586,114397,386,0,0.0,0.0,0.0,0.0,0.0,0,0,0.0,0.0,0.0,,,,,0,0,0,0,1,179.018,179.018,179.018,179.018,0.0,1,1,29987,0,0,0,0,0,0,0,,,,1,Hl.m. Praha,Prague,1204953,0,0,0,1,1,100.0,12541,0.29,0.43,167,85677,99107,
468,590427,72,1,POPLATEK MESICNE,28,17,10,7419.6482,4348.3096,436.44989411764703,434.83095999999995,296.4,167.2,456.9896731971657,646.665355331555,1315.2559999999999,1740.3999999999999,2.4168,0.5548,7.6,3901.5132,1678.139985714286,1411.4036,1006.659886384978,3,3,1,970919,980709,9790,3071.3386,1.7063293285280332,450.0287071428571,0.0028600612870275793,1006.659886384978,456.9896731971657,646.665355331555,3.0135326362239114,4.002474892772125,114527,387,0,0.0,0.0,0.0,0.0,0.0,0,0,0.0,0.0,0.0,,,,,0,0,0,0,0,0.0,0.0,0.0,0.0,0.0,0,0,,1,1,0,0,0,1,0,980804 00:00:00,980804 00:00:00,78,72,Olomouc,north Moravia,226122,32,50,7,4,4,62.6,8994,3.80,4.79,110,9672,9208,
469,706013,59,1,POPLATEK MESICNE,131,54,77,11330.019199999999,10443.1144,209.81517037037034,135.6248623376623,169.1,114.0,205.48665493493425,123.90411157995916,590.3679999999999,573.8,1.634,0.5548,15.2,1757.8002,937.7908030534351,931.722,275.2663165151265,4,4,2,950211,970131,19920,886.9047999999984,1.0849272320525378,166.20712671755726,0.006576305220883534,275.2663165151265,205.48665493493425,123.90411157995916,2.8137526898453977,4.230787704480189,114635,388,0,0.0,0.0,0.0,0.0,0.0,0,0,0.0,0.0,0.0,,,,,0,0,0,0,1,247.912,247.912,247.912,247.912,0.0,1,1,29988,1,1,0,0,0,1,0,980902 00:00:00,980902 00:00:00,79,59,Kromeriz,south Moravia,108871,41,29,7,2,6,62.1,8444,3.24,3.47,106,2595,2305,
470,545421,30,1,POPLATEK MESICNE,204,74,130,9426.1698,8847.2436,127.38067297297297,68.05572,102.6,45.6,123.75107680997661,55.754657618250775,356.079,228.0,0.3192,0.5548,11.4,1434.7812000000001,884.817668627451,906.7920999999999,202.0246675437258,5,4,3,930828,960414,29586,578.9261999999999,1.0654357703002548,89.57555588235293,0.006895153112958832,202.0246675437258,123.75107680997661,55.754657618250775,2.79539267370295,3.3501959864652084,114925,389,0,0.0,0.0,0.0,0.0,0.0,0,0,0.0,0.0,0.0,,,,,0,0,0,0,2,79.116,158.232,124.64,33.592,45.524,2,2,29989,0,0,0,0,0,0,0,,,,30,Sokolov,west Bohemia,94812,15,13,8,2,10,81.8,9650,3.38,3.67,100,2985,2804,
471,770111,44,1,POPLATEK MESICNE,136,61,68,44393.195999999996,42519.8188,727.7573114754099,625.2914529411764,619.058,189.126,662.9316151823386,728.1486588127322,1853.07,3055.2,3.8,0.5548,15.2,5481.492399999999,2718.924420588235,2587.6232999999997,1034.9486760003467,4,4,2,960216,970831,10615,1873.3771999999954,1.0440589177675421,657.9070205882354,0.012812058407913331,1034.9486760003467,662.9316151823386,728.1486588127322,2.546274658846369,4.886041518126131,115411,390,0,0.0,0.0,0.0,0.0,0.0,0,0,0.0,0.0,0.0,,,,,0,0,0,0,1,189.126,189.126,189.126,189.126,0.0,1,1,29991,1,1,0,0,0,1,0,980625 00:00:00,980625 00:00:00,80,44,Chrudim,east Bohemia,105606,77,26,7,2,7,53.0,8254,2.79,3.76,97,2166,2325,
472,811227,36,1,POPLATEK MESICNE,189,112,77,7091.7044,5934.0344,63.31878928571429,77.0653818181818,15.2,22.8,167.39748702067916,126.9995082170095,1122.9759999999999,543.4,0.2014,0.5548,41.8,2213.0782,1205.9621693121694,1164.9014,393.14137948199374,3,3,1,931211,960628,29417,1157.67,1.1950898700553538,68.9192529100529,0.00642485637556515,393.14137948199374,167.39748702067916,126.9995082170095,17.73527277871311,7.051155618511413,115701,391,0,0.0,0.0,0.0,0.0,0.0,0,0,0.0,0.0,0.0,,,,,0,0,0,0,0,0.0,0.0,0.0,0.0,0.0,0,0,,0,0,0,0,0,0,0,,,,36,Liberec,north Bohemia,159617,29,19,8,1,9,85.2,9198,3.33,4.28,131,5796,6132,
473,395925,1,1,POPLATEK MESICNE,96,38,58,10112.050799999999,8362.6828,266.10660000000007,144.18418620689653,157.7,82.84,264.70886999131704,220.80457673140512,767.562,1599.04,1.6453999999999998,0.5548,11.4,2456.035,1519.509720833333,1550.8882999999998,428.877792454133,5,4,3,960714,971123,10409,1749.3679999999986,1.209187415311268,192.44514166666667,0.009222787971947354,428.877792454133,264.70886999131704,220.80457673140512,2.884415493640518,11.09025921681497,116148,392,0,0.0,0.0,0.0,0.0,0.0,0,0,0.0,0.0,0.0,,,,,0,0,0,0,2,134.32999999999998,268.65999999999997,215.194,53.466,80.86399999999999,2,2,29992,1,1,0,0,0,1,0,971217 00:00:00,971217 00:00:00,81,1,Hl.m. Praha,Prague,1204953,0,0,0,1,1,100.0,12541,0.29,0.43,167,85677,99107,
474,490531,46,1,POPLATEK MESICNE,147,51,96,25653.3858,24347.816,503.0075647058824,253.6230833333333,22.8,110.19999999999999,517.712402051539,314.61986575780577,1411.662,1204.6,2.7132,0.5548,19.0,3181.1472,1753.0383605442178,1554.8194,513.7527977043247,5,4,2,950204,970223,20019,1305.5698000000011,1.0536216390003934,340.14422993197275,0.007343024127079274,513.7527977043247,517.712402051539,314.61986575780577,2.806442882872794,4.749567681963754,116396,393,0,0.0,0.0,0.0,0.0,0.0,0,0,0.0,0.0,0.0,,,,,0,0,0,0,2,118.218,236.436,224.96,11.475999999999999,106.742,1,2,29994,1,1,0,0,0,1,0,970507 00:00:00,970507 00:00:00,82,46,Nachod,east Bohemia,112709,48,20,7,3,10,73.5,8369,1.79,2.31,117,2854,2618,
476,475601,1,1,POPLATEK MESICNE,222,73,149,32977.8744,31056.5108,451.7517041095891,208.43295838926173,22.8,147.09799999999998,463.10908830877327,217.42880389777554,1257.078,1070.08,2.2001999999999997,0.5548,15.2,2983.6384,1848.5663153153153,1876.9225999999999,468.48563045712183,5,4,3,930312,960314,30002,1921.3636000000006,1.0618666923780762,288.44317657657655,0.007399506699553363,468.48563045712183,463.10908830877327,217.42880389777554,2.782674616530166,5.133928953796059,117087,395,0,0.0,0.0,0.0,0.0,0.0,0,0,0.0,0.0,0.0,,,,,0,0,0,0,3,110.64333333333333,331.92999999999995,153.368,31.464,56.04672660874635,3,3,30001,0,0,0,0,0,0,0,,,,1,Hl.m. Praha,Prague,1204953,0,0,0,1,1,100.0,12541,0.29,0.43,167,85677,99107,
477,540720,1,1,POPLATEK MESICNE,222,73,149,32977.8744,31056.5108,451.7517041095891,208.43295838926173,22.8,147.09799999999998,463.10908830877327,217.42880389777554,1257.078,1070.08,2.2001999999999997,0.5548,15.2,2983.6384,1848.5663153153153,1876.9225999999999,468.48563045712183,5,4,3,930312,960314,30002,1921.3636000000006,1.0618666923780762,288.44317657657655,0.007399506699553363,468.48563045712183,463.10908830877327,217.42880389777554,2.782674616530166,5.133928953796059,117087,395,0,0.0,0.0,0.0,0.0,0.0,0,0,0.0,0.0,0.0,,,,,0,0,0,0,3,110.64333333333333,331.92999999999995,153.368,31.464,56.04672660874635,3,3,30001,0,0,0,0,0,0,0,,,,1,Hl.m. Praha,Prague,1204953,0,0,0,1,1,100.0,12541,0.29,0.43,167,85677,99107,
478,780621,21,1,POPLATEK MESICNE,298,73,225,34855.530399999996,32811.008799999996,477.4730191780822,145.82670577777776,41.8,11.703999999999999,487.8048924481204,230.53023243949357,1326.276,904.4,3.2148,0.5548,38.0,2989.2852,2051.7255838926176,2157.792,433.97927475797013,6,4,5,930308,960306,29998,2044.5216,1.0623120615541697,227.06892348993287,0.009933995599706646,433.97927475797013,487.8048924481204,230.53023243949357,2.7776983132639406,6.201881851313271,117636,396,0,0.0,0.0,0.0,0.0,0.0,0,0,0.0,0.0,0.0,,,,,0,0,0,0,4,55.879000000000005,223.516,199.31,2.584,82.88041525595779,4,3,30004,0,0,0,0,0,0,0,,,,21,Tabor,south Bohemia,103347,87,16,7,1,7,67.0,9104,1.51,2.07,123,2299,2354,
480,465124,11,0,,0,0,0,0.0,0.0,0.0,0.0,0.0,0.0,0.0,0.0,0.0,0.0,0.0,0.0,0.0,0.0,0.0,0.0,0.0,0,0,0,,,0,0.0,0.0,0.0,0.0,0.0,0.0,0.0,0.0,0.0,,,0,0.0,0.0,0.0,0.0,0.0,0,0,0.0,0.0,0.0,,,,,0,0,0,0,0,0.0,0.0,0.0,0.0,0.0,0,0,,0,0,0,0,0,0,0,,,,11,Praha - zapad,central Bohemia,75637,35,36,9,0,7,36.5,9622,0.45,0.59,154,3475,3529,
481,270122,69,1,POPLATEK MESICNE,29,14,15,1496.6414,888.6831999999999,106.90295714285716,59.24554666666667,183.882,64.676,88.91429212176918,51.92315727346667,183.882,186.2,0.8815999999999999,0.5548,11.4,1046.1437999999998,720.4513034482757,746.928,217.97261160563502,5,5,3,971024,980630,9606,607.9582,1.6841112783498102,82.2525724137931,0.0030189464917759735,217.97261160563502,88.91429212176918,51.92315727346667,1.7200833813630971,3.142852256012041,118661,398,0,0.0,0.0,0.0,0.0,0.0,0,0,0.0,0.0,0.0,,,,,0,0,0,0,1,64.676,64.676,64.676,64.676,0.0,1,1,30008,0,0,0,0,0,0,0,,,,69,Jesenik,north Moravia,42821,4,13,5,1,3,48.4,8173,0,7.01,124,0,1358,
482,345122,69,1,POPLATEK MESICNE,29,14,15,1496.6414,888.6831999999999,106.90295714285716,59.24554666666667,183.882,64.676,88.91429212176918,51.92315727346667,183.882,186.2,0.8815999999999999,0.5548,11.4,1046.1437999999998,720.4513034482757,746.928,217.97261160563502,5,5,3,971024,980630,9606,607.9582,1.6841112783498102,82.2525724137931,0.0030189464917759735,217.97261160563502,88.91429212176918,51.92315727346667,1.7200833813630971,3.142852256012041,118661,398,0,0.0,0.0,0.0,0.0,0.0,0,0,0.0,0.0,0.0,,,,,0,0,0,0,1,64.676,64.676,64.676,64.676,0.0,1,1,30008,0,0,0,0,0,0,0,,,,69,Jesenik,north Moravia,42821,4,13,5,1,3,48.4,8173,0,7.01,124,0,1358,
483,440619,1,1,POPLATEK MESICNE,78,40,31,23457.8978,17129.0776,586.447445,552.5508903225807,406.904,228.34199999999998,588.0001029333728,640.1387742459091,1857.5919999999999,2454.7999999999997,1.5998,0.5548,30.4,5861.6482,2374.1867512820513,2259.3831,1199.7133708943397,4,4,2,960827,971015,10188,6328.820199999998,1.3694781673474348,562.4288897435897,0.0076560659599528855,1199.7133708943397,588.0001029333728,640.1387742459091,3.1675336227272672,4.442667712591832,118779,399,0,0.0,0.0,0.0,0.0,0.0,0,0,0.0,0.0,0.0,,,,,0,0,0,0,2,172.89049999999997,345.78099999999995,228.34199999999998,117.439,55.451499999999996,2,2,30009,1,1,0,0,0,1,0,980105 00:00:00,980105 00:00:00,83,1,Hl.m. Praha,Prague,1204953,0,0,0,1,1,100.0,12541,0.29,0.43,167,85677,99107,
484,595913,28,1,POPLATEK MESICNE,179,70,109,19223.021999999997,18001.1852,274.61460000000005,165.14848807339453,102.6,167.2,281.8109917652873,140.98904348357286,785.308,771.4,1.6833999999999998,0.5548,22.8,2229.9274,1356.4030581005586,1346.9707999999998,328.0645561478707,4,4,2,930717,960430,29713,1221.8367999999973,1.0678753530073117,207.95646480446922,0.006024299128327668,328.0645561478707,281.8109917652873,140.98904348357286,2.85967315648913,4.670947999579493,119041,400,0,0.0,0.0,0.0,0.0,0.0,0,0,0.0,0.0,0.0,,,,,0,0,0,0,1,264.024,264.024,264.024,264.024,0.0,1,1,30011,0,0,0,0,0,0,0,,,,28,Plzen - sever,west Bohemia,72541,66,26,10,0,8,36.9,8594,1.62,2.01,112,1580,1525,
485,780516,32,1,POPLATEK MESICNE,220,72,148,18969.486,17723.503999999997,263.46508333333327,119.75340540540539,150.1,100.32,267.23426862226614,107.37333880962973,730.569,535.8,1.2958,0.5548,11.4,2127.544,1149.4320490909092,1112.8566,326.92918398576853,5,4,3,930118,951209,21091,1245.9820000000036,1.0703011097579804,166.78631818181822,0.010430989521596889,326.92918398576853,267.23426862226614,107.37333880962973,2.772925318060806,4.4741942676798,119435,401,0,0.0,0.0,0.0,0.0,0.0,0,0,0.0,0.0,0.0,,,,,0,0,0,0,2,102.011,204.022,136.79999999999998,67.222,34.788999999999994,2,2,30012,0,0,0,0,0,0,0,,,,32,Ceska Lipa,north Bohemia,105058,32,19,7,2,10,81.0,9272,2.80,3.22,118,4340,4505,
486,440412,68,1,POPLATEK MESICNE,44,19,25,7797.1136,6266.8612,410.3743999999999,250.67444799999998,121.6,84.018,426.4458024356202,278.72003265539007,1139.696,874.0,2.2078,0.5548,30.4,2570.225,1620.7643409090908,1626.7344,492.1721272067279,5,4,3,970914,980611,9697,1530.2523999999994,1.2441816327446344,319.63579090909093,0.004537485820356811,492.1721272067279,426.4458024356202,278.72003265539007,2.7772102743251046,3.4865938948831356,119911,402,0,0.0,0.0,0.0,0.0,0.0,0,0,0.0,0.0,0.0,,,,,0,0,0,0,2,81.586,163.172,84.018,79.154,2.432000000000002,2,2,30014,0,0,0,0,0,0,0,,,,68,Frydek - Mistek,north Moravia,228848,15,40,18,2,6,57.2,9893,4.09,4.72,96,5623,5887,
487,225401,1,1,POPLATEK MESICNE,157,63,94,7130.7836,5531.1584,113.18704126984127,58.842110638297875,211.394,64.22,103.02791735036911,62.03272310664111,211.394,488.3,0.5624,0.5548,22.8,1678.6537999999998,1102.0038,1081.6776,262.13463436386115,5,5,3,930729,960414,29685,1599.6251999999995,1.2892025655963857,80.64931210191085,0.005288866430857336,262.13463436386115,103.02791735036911,62.03272310664111,1.8676519646452319,8.298478669495344,120057,403,0,0.0,0.0,0.0,0.0,0.0,0,0,0.0,0.0,0.0,,,,,0,0,0,0,1,91.238,91.238,91.238,91.238,0.0,1,1,30016,1,1,0,0,0,1,0,960626 00:00:00,960626 00:00:00,84,1,Hl.m. Praha,Prague,1204953,0,0,0,1,1,100.0,12541,0.29,0.43,167,85677,99107,
488,170802,1,1,POPLATEK MESICNE,157,63,94,7130.7836,5531.1584,113.18704126984127,58.842110638297875,211.394,64.22,103.02791735036911,62.03272310664111,211.394,488.3,0.5624,0.5548,22.8,1678.6537999999998,1102.0038,1081.6776,262.13463436386115,5,5,3,930729,960414,29685,1599.6251999999995,1.2892025655963857,80.64931210191085,0.005288866430857336,262.13463436386115,103.02791735036911,62.03272310664111,1.8676519646452319,8.298478669495344,120057,403,0,0.0,0.0,0.0,0.0,0.0,0,0,0.0,0.0,0.0,,,,,0,0,0,0,1,91.238,91.238,91.238,91.238,0.0,1,1,30016,0,0,0,0,0,0,0,,,,1,Hl.m. Praha,Prague,1204953,0,0,0,1,1,100.0,12541,0.29,0.43,167,85677,99107,
489,401007,41,1,POPLATEK MESICNE,156,50,97,31437.407600000002,24041.1332,628.748152,247.84673402061853,131.1,131.1,674.055340775996,311.21896993057874,1845.7359999999999,1280.6,0.5472,0.5548,11.4,3600.2568,1926.1964448717947,1969.1219999999998,639.7906956715168,5,6,4,950428,970407,19979,7396.274400000002,1.3076508223830314,389.6075692307692,0.007808198608538966,639.7906956715168,674.055340775996,311.21896993057874,2.935572842844713,5.166902864628694,120408,404,0,0.0,0.0,0.0,0.0,0.0,0,0,0.0,0.0,0.0,,,,,0,0,0,0,2,95.247,190.494,131.1,59.394,35.852999999999994,2,2,30017,1,1,0,0,0,1,0,951231 00:00:00,951231 00:00:00,85,41,Usti nad Labem,north Bohemia,118650,8,8,5,1,3,85.6,9832,3.32,4.48,114,6445,5471,
492,351026,72,1,POPLATEK TYDNE,55,25,29,6936.634,4932.59,277.46536,170.08931034482762,41.8,83.6,407.5077761384977,222.14391661839144,1700.12,995.6,1.539,0.532,15.2,3240.1041999999998,1227.6126618181818,937.783,713.944901419918,5,4,3,970418,980430,10012,2004.0439999999999,1.4062863526058318,223.48283636363635,0.005493407910507391,713.944901419918,407.5077761384977,222.14391661839144,6.127323425165578,5.853395477832132,121242,407,0,0.0,0.0,0.0,0.0,0.0,0,0,0.0,0.0,0.0,,,,,0,0,0,0,2,103.075,206.15,205.618,0.532,102.54299999999999,2,2,30025,0,0,0,0,0,0,0,,,,72,Olomouc,north Moravia,226122,32,50,7,4,4,62.6,8994,3.80,4.79,110,9672,9208,
493,425604,41,1,POPLATEK MESICNE,194,70,124,18467.593399999998,17027.0932,263.82276285714283,137.31526774193551,77.89999999999999,142.5,272.6818130963723,124.25880316472391,758.328,760.0,1.0488,0.5548,15.2,2187.1584000000003,1335.5320164948453,1332.1869,296.15799115190686,4,4,2,930721,960505,29784,1440.5001999999986,1.0846004766098303,182.96230206185564,0.006513564329841526,296.15799115190686,272.6818130963723,124.25880316472391,2.87438427142326,5.534708648919592,121421,408,0,0.0,0.0,0.0,0.0,0.0,0,0,0.0,0.0,0.0,,,,,0,0,0,0,1,191.596,191.596,191.596,191.596,0.0,1,1,30027,1,1,0,0,0,1,0,961102 00:00:00,961102 00:00:00,87,41,Usti nad Labem,north Bohemia,118650,8,8,5,1,3,85.6,9832,3.32,4.48,114,6445,5471,
495,375407,49,1,POPLATEK MESICNE,57,26,31,3315.7545999999998,2420.828,127.52902307692305,78.09122580645162,218.04399999999998,72.96,105.70181725318453,71.03236369244732,218.04399999999998,271.7,2.4623999999999997,0.5548,7.6,1154.1132,870.9054666666666,925.5356,210.11320530376528,5,5,3,961015,980117,19102,894.9265999999998,1.3696778953316797,100.64179999999999,0.0029839807350015707,210.11320530376528,105.70181725318453,71.03236369244732,1.7097598236009386,3.4792641195491787,122060,410,0,0.0,0.0,0.0,0.0,0.0,0,0,0.0,0.0,0.0,,,,,0,0,0,0,1,145.35,145.35,145.35,145.35,0.0,1,1,30029,0,0,0,0,0,0,0,,,,49,Semily,east Bohemia,75685,31,28,5,1,9,60.8,8208,1.89,2.26,155,1660,2123,
496,515521,70,1,POPLATEK MESICNE,208,75,133,27955.630999999998,26767.777599999998,372.74174666666664,201.2614857142857,110.2,148.2,384.99892429675435,195.7409462287441,1054.329,1240.32,1.6036000000000001,0.5548,15.2,2782.2194,1504.14925,1513.0041999999999,381.65604777637833,4,4,2,930205,960210,30005,1187.8534,1.0443762428749408,263.09331057692305,0.006932177970338277,381.65604777637833,384.99892429675435,195.7409462287441,2.8285777201738,6.162729026858024,122242,411,0,0.0,0.0,0.0,0.0,0.0,0,0,0.0,0.0,0.0,,,,,0,0,0,0,1,322.962,322.962,322.962,322.962,0.0,1,1,30030,1,1,0,0,0,1,0,961104 00:00:00,961104 00:00:00,88,70,Karvina,north Moravia,285387,0,2,8,5,7,89.9,10177,6.63,7.75,81,9878,10108,
497,530202,74,1,POPLATEK MESICNE,107,46,54,19135.8652,13823.092799999999,415.9970695652174,255.98319999999993,190.684,331.626,492.3538846413593,236.2263312863981,1590.148,1094.3999999999999,0.9804,0.5548,26.599999999999998,4046.5211999999997,1921.2682448598127,1846.743,797.3514693127661,4,4,2,960121,970912,10791,5312.772400000002,1.3843403554376776,337.9659626168224,0.009915670466129182,797.3514693127661,492.3538846413593,236.2263312863981,3.822498080724356,4.2752805652870975,122682,412,0,0.0,0.0,0.0,0.0,0.0,0,0,0.0,0.0,0.0,,,,,0,0,0,0,1,331.626,331.626,331.626,331.626,0.0,1,1,30031,1,1,0,0,0,1,0,980422 00:00:00,980422 00:00:00,89,74,Ostrava - mesto,north Moravia,323870,0,0,0,1,1,100.0,10673,4.75,5.44,100,18782,18347,
499,355708,18,1,POPLATEK MESICNE,69,28,41,2908.4629999999997,2266.054,103.87367857142856,55.269609756097566,191.558,42.56,94.1931235776543,49.79685475427581,191.558,197.6,1.9113999999999998,0.5548,7.6,768.2992,562.8091333333333,564.5774,117.92923230749437,5,5,3,960709,971012,10303,642.4089999999997,1.283492361611859,74.993,0.006697078520819179,117.92923230749437,94.1931235776543,49.79685475427581,1.844143796912665,3.575201650093069,122915,413,0,0.0,0.0,0.0,0.0,0.0,0,0,0.0,0.0,0.0,,,,,0,0,0,0,1,80.066,80.066,80.066,80.066,0.0,1,1,30032,0,0,0,0,0,0,0,,,,18,Pisek,south Bohemia,70699,60,13,2,1,4,65.3,8968,2.83,3.35,131,1740,1910,
500,710106,1,1,POPLATEK MESICNE,96,37,59,13620.814999999999,12499.7124,368.1301351351352,211.85953220338982,114.0,205.2,376.80327977163597,170.80341572114511,1029.876,691.6,0.23939999999999997,0.5548,34.199999999999996,2430.7232,1173.8892708333335,1121.4484,375.9447962991597,4,4,2,960129,970722,10593,1121.1025999999983,1.0896902715937686,272.0888270833333,0.009062588501840838,375.9447962991597,376.80327977163597,170.80341572114511,2.797586781701388,3.2644271079388996,123110,414,0,0.0,0.0,0.0,0.0,0.0,0,0,0.0,0.0,0.0,,,,,0,0,0,0,1,299.06,299.06,299.06,299.06,0.0,1,1,30033,0,0,0,0,0,0,0,,,,1,Hl.m. Praha,Prague,1204953,0,0,0,1,1,100.0,12541,0.29,0.43,167,85677,99107,
501,371028,62,1,POPLATEK MESICNE,195,76,119,19826.1808,19113.924,260.8708,160.6212100840336,114.0,125.39999999999999,268.5394014473854,147.36184488886525,747.27,668.8,1.6568,0.5548,15.2,2118.0744,1221.9851753846153,1177.9886,313.5549885127333,4,4,2,930303,960123,29820,712.2567999999992,1.0372637664563278,199.69284512820514,0.006539235412474849,313.5549885127333,268.5394014473854,147.36184488886525,2.864521441265178,4.1638336534141285,123329,415,0,0.0,0.0,0.0,0.0,0.0,0,0,0.0,0.0,0.0,,,,,0,0,0,0,1,332.12,332.12,332.12,332.12,0.0,1,1,30034,0,0,0,0,0,0,0,,,,62,Uherske Hradiste,south Moravia,145688,22,41,13,2,5,40.7,8544,1.29,1.86,109,2719,2906,
502,191208,6,1,POPLATEK MESICNE,81,28,53,3185.3765999999996,2510.3408,113.76345,47.36492075471697,195.89,37.506,94.87632934324293,47.31950035663968,195.89,212.79999999999998,2.5574,0.5548,19.0,998.4499999999999,721.7148592592591,721.639,144.31562356870154,6,5,4,960811,971207,10396,675.0357999999997,1.2689020550516485,70.31749876543209,0.007791458253174298,144.31562356870154,94.87632934324293,47.31950035663968,1.7219062888827648,4.492776438960002,123758,416,0,0.0,0.0,0.0,0.0,0.0,0,0,0.0,0.0,0.0,,,,,0,0,0,0,2,37.411,74.822,37.506,37.316,0.09499999999999886,2,1,30035,0,0,0,0,0,0,0,,,,6,Kutna Hora,central Bohemia,77963,60,23,4,2,4,51.5,8546,2.95,4.02,126,2640,3120,
503,590724,73,1,POPLATEK MESICNE,93,45,39,26897.0992,18532.7672,597.7133155555556,475.199158974359,331.17,136.79999999999998,656.8677302899233,646.5010822037658,1896.3139999999999,2318.0,0.9728,0.5548,-54.2526,5429.7668,2019.1128387096776,1781.1132,1289.2364211670217,3,3,1,960127,970601,10474,8364.332000000002,1.4513266642663056,551.31168172043,0.008879129272484246,1289.2364211670217,656.8677302899233,646.5010822037658,3.1726146141439666,4.877954761121695,123979,417,0,0.0,0.0,0.0,0.0,0.0,0,0,0.0,0.0,0.0,,,,,0,0,0,0,0,0.0,0.0,0.0,0.0,0.0,0,0,,1,1,0,0,0,1,0,970604 00:00:00,970604 00:00:00,90,73,Opava,north Moravia,182027,17,49,12,2,7,56.4,8746,3.33,3.74,90,4355,4433,
504,790801,36,1,POPLATEK MESICNE,113,44,69,18138.498199999998,16523.1676,412.2385954545454,239.4661971014493,76.0,266.0,429.5775437353339,211.52220212030502,1190.084,915.8,0.6574,0.5548,26.599999999999998,2633.2632,1741.2650884955751,1652.0652,434.222235114271,4,4,2,950827,970531,19704,1615.3305999999975,1.0977615575357353,306.74040530973446,0.00573487616727568,434.222235114271,429.5775437353339,211.52220212030502,2.886881561120645,3.824339347620004,124174,418,0,0.0,0.0,0.0,0.0,0.0,0,0,0.0,0.0,0.0,,,,,0,0,0,0,1,354.008,354.008,354.008,354.008,0.0,1,1,30037,1,0,1,0,0,0,1,970901 00:00:00,970901 00:00:00,91,36,Liberec,north Bohemia,159617,29,19,8,1,9,85.2,9198,3.33,4.28,131,5796,6132,
